,Manufacturer,Product Name,GPU Chip,Released,Bus,GPU clock,Memory clock,Memory Size (GB),Memory Type,Memory Bus Width,Shaders,TMUs,ROPs
0,NVIDIA,GeForce RTX 3050 Max-Q Refresh 4 GB,GA107,Unknown,PCIe 4.0 x8,625 MHz,1500 MHz,4.0,GDDR6,128 bit,2048,64,32
1,NVIDIA,GeForce RTX 3060 8 GB GA104,GA104,2023,PCIe 4.0 x16,1320 MHz,1875 MHz,8.0,GDDR6,128 bit,3584,112,48
2,NVIDIA,GeForce RTX 4050,AD107,2023,PCIe 4.0 x8,2505 MHz,2250 MHz,8.0,GDDR6,128 bit,2560,80,32
3,NVIDIA,GeForce RTX 4050 Max-Q,AD107,"Jan 3rd, 2023",PCIe 4.0 x16,1140 MHz,1750 MHz,6.0,GDDR6,96 bit,2560,80,32
4,NVIDIA,GeForce RTX 4050 Mobile,AD107,"Jan 3rd, 2023",PCIe 4.0 x16,1455 MHz,2000 MHz,6.0,GDDR6,96 bit,2560,80,32
5,NVIDIA,GeForce RTX 4060,AD107,2023,PCIe 4.0 x16,2045 MHz,2250 MHz,8.0,GDDR6,128 bit,3072,96,32
6,NVIDIA,GeForce RTX 4060,AD106,2023,PCIe 4.0 x16,2505 MHz,2250 MHz,8.0,GDDR6,128 bit,3840,120,48
7,NVIDIA,GeForce RTX 4060 Max-Q,AD107,"Jan 3rd, 2023",PCIe 4.0 x16,1140 MHz,1750 MHz,8.0,GDDR6,128 bit,3072,96,32
8,NVIDIA,GeForce RTX 4060 Mobile,AD107,"Jan 3rd, 2023",PCIe 4.0 x16,1545 MHz,2000 MHz,8.0,GDDR6,128 bit,3072,96,32
9,NVIDIA,GeForce RTX 4060 Ti,AD106,2023,PCIe 4.0 x16,2310 MHz,2250 MHz,8.0,GDDR6,128 bit,4352,128,64
10,NVIDIA,GeForce RTX 4070,AD104,"Apr 13th, 2023",PCIe 4.0 x16,1920 MHz,1313 MHz,12.0,GDDR6X,192 bit,5888,184,64
11,NVIDIA,GeForce RTX 4070 Max-Q,AD106,"Jan 3rd, 2023",PCIe 4.0 x16,735 MHz,1750 MHz,8.0,GDDR6,128 bit,4608,144,48
12,NVIDIA,GeForce RTX 4070 Mobile,AD106,"Jan 3rd, 2023",PCIe 4.0 x16,1395 MHz,2000 MHz,8.0,GDDR6,128 bit,4608,144,48
13,NVIDIA,GeForce RTX 4070 Ti,AD104,"Jan 3rd, 2023",PCIe 4.0 x16,2310 MHz,1313 MHz,12.0,GDDR6X,192 bit,7680,240,80
14,NVIDIA,GeForce RTX 4080 Max-Q,AD104,"Jan 3rd, 2023",PCIe 4.0 x16,795 MHz,1750 MHz,12.0,GDDR6,192 bit,7424,232,80
15,NVIDIA,GeForce RTX 4080 Mobile,AD104,"Jan 3rd, 2023",PCIe 4.0 x16,1290 MHz,2250 MHz,12.0,GDDR6,192 bit,7424,232,80
16,NVIDIA,GeForce RTX 4080 Ti,AD102,2023,PCIe 4.0 x16,2100 MHz,1325 MHz,20.0,GDDR6X,320 bit,14080,440,144
17,NVIDIA,GeForce RTX 4090 Max-Q,AD103,"Jan 3rd, 2023",PCIe 4.0 x16,930 MHz,1750 MHz,16.0,GDDR6,256 bit,9728,304,112
18,NVIDIA,GeForce RTX 4090 Mobile,AD103,"Jan 3rd, 2023",PCIe 4.0 x16,1335 MHz,2250 MHz,16.0,GDDR6,256 bit,9728,304,112
19,NVIDIA,GeForce RTX 4090 Ti,AD102,2023,PCIe 4.0 x16,2355 MHz,1500 MHz,24.0,GDDR6X,384 bit,18176,568,192
20,NVIDIA,Jetson AGX Orin 32 GB,GA10B,Feb 2023,PCIe 4.0 x4,930 MHz,1600 MHz,32.0,LPDDR5,256 bit,1792,56,24
21,NVIDIA,Jetson AGX Orin 64 GB,GA10B,Mar 2023,PCIe 4.0 x4,1300 MHz,1600 MHz,64.0,LPDDR5,256 bit,2048,64,32
22,NVIDIA,Jetson Orin NX 16 GB,GA10B,Feb 2023,PCIe 4.0 x4,918 MHz,1600 MHz,16.0,LPDDR5,128 bit,1024,32,16
23,NVIDIA,Jetson Orin NX 8 GB,GA10B,Mar 2023,PCIe 4.0 x4,765 MHz,1600 MHz,8.0,LPDDR5,128 bit,1024,32,16
24,NVIDIA,Jetson Orin Nano 4 GB,GA10B,Mar 2023,PCIe 4.0 x4,625 MHz,1067 MHz,4.0,LPDDR5,64 bit,512,16,8
25,NVIDIA,Jetson Orin Nano 8 GB,GA10B,Mar 2023,PCIe 4.0 x4,625 MHz,1067 MHz,8.0,LPDDR5,128 bit,1024,32,16
26,NVIDIA,L4,AD104,Unknown,PCIe 4.0 x16,795 MHz,1313 MHz,24.0,GDDR6X,192 bit,7680,240,80
27,NVIDIA,RTX 2000 Max-Q Ada Generation,AD107,Unknown,PCIe 4.0 x16,930 MHz,1750 MHz,8.0,GDDR6,128 bit,2560,80,32
28,NVIDIA,RTX 2000 Mobile Ada Generation,AD107,Unknown,PCIe 4.0 x16,1635 MHz,2000 MHz,8.0,GDDR6,128 bit,2560,80,32
29,NVIDIA,RTX 3000 Mobile Ada Generation,AD106,Unknown,PCIe 4.0 x16,1395 MHz,2000 MHz,8.0,GDDR6,128 bit,4608,144,48
30,NVIDIA,RTX 3500 Mobile Ada Generation,AD104,Unknown,PCIe 4.0 x16,1290 MHz,2250 MHz,12.0,GDDR6,192 bit,5888,184,64
31,NVIDIA,RTX 4000 Mobile Ada Generation,AD104,Unknown,PCIe 4.0 x16,1290 MHz,2250 MHz,12.0,GDDR6,192 bit,7424,232,80
32,NVIDIA,RTX 5000 Mobile Ada Generation,AD103,Unknown,PCIe 4.0 x16,1335 MHz,2250 MHz,16.0,GDDR6,256 bit,9728,304,112
33,NVIDIA,RTX TITAN Ada,AD102,2023,PCIe 4.0 x16,2235 MHz,1500 MHz,48.0,GDDR6X,384 bit,18432,576,192
0,NVIDIA,A800 PCIe 40 GB,GA100,"Nov 8th, 2022",PCIe 4.0 x16,765 MHz,1215 MHz,40.0,HBM2e,5120 bit,6912,432,160
1,NVIDIA,A800 PCIe 80 GB,GA100,"Nov 8th, 2022",PCIe 4.0 x16,1065 MHz,1512 MHz,80.0,HBM2e,5120 bit,6912,432,160
2,NVIDIA,A800 SXM4 80 GB,GA100,"Aug 11th, 2022",PCIe 4.0 x16,1275 MHz,1593 MHz,80.0,HBM2e,5120 bit,6912,432,160
3,NVIDIA,GeForce GTX 1630,TU117,"Jun 28th, 2022",PCIe 3.0 x8,1740 MHz,1500 MHz,4.0,GDDR6,64 bit,512,32,16
4,NVIDIA,GeForce RTX 3050 4 GB,GA107,Never Released,PCIe 4.0 x8,1545 MHz,1750 MHz,4.0,GDDR6,128 bit,2304,72,32
5,NVIDIA,GeForce RTX 3050 8 GB,GA106,"Jan 4th, 2022",PCIe 4.0 x8,1552 MHz,1750 MHz,8.0,GDDR6,128 bit,2560,80,32
6,NVIDIA,GeForce RTX 3050 8 GB GA107,GA107,"Dec 16th, 2022",PCIe 4.0 x8,1552 MHz,1750 MHz,8.0,GDDR6,128 bit,2560,80,32
7,NVIDIA,GeForce RTX 3050 Max-Q Refresh 6 GB,GA107,"Jul 6th, 2022",PCIe 4.0 x8,622 MHz,1500 MHz,6.0,GDDR6,96 bit,2048,64,32
8,NVIDIA,GeForce RTX 3050 Mobile Refresh 6 GB,GA107,"Jul 6th, 2022",PCIe 4.0 x8,1237 MHz,1500 MHz,6.0,GDDR6,96 bit,2048,64,32
9,NVIDIA,GeForce RTX 3050 OEM,GA106,"Jan 4th, 2022",PCIe 4.0 x8,1515 MHz,1750 MHz,8.0,GDDR6,128 bit,2304,72,32
10,NVIDIA,GeForce RTX 3060 8 GB,GA106,"Oct 12th, 2022",PCIe 4.0 x16,1320 MHz,1875 MHz,8.0,GDDR6,128 bit,3584,112,48
11,NVIDIA,GeForce RTX 3060 Ti GA103,GA103,"Feb 23rd, 2022",PCIe 4.0 x16,1410 MHz,1750 MHz,8.0,GDDR6,256 bit,4864,152,80
12,NVIDIA,GeForce RTX 3060 Ti GDDR6X,GA104,"Oct 19th, 2022",PCIe 4.0 x16,1410 MHz,1188 MHz,8.0,GDDR6X,256 bit,4864,152,80
13,NVIDIA,GeForce RTX 3070 Ti 16 GB,GA104,Never Released,PCIe 4.0 x16,1575 MHz,1188 MHz,16.0,GDDR6X,256 bit,6144,192,96
14,NVIDIA,GeForce RTX 3070 Ti 8 GB GA102,GA102,"Oct 21st, 2022",PCIe 4.0 x16,1575 MHz,1188 MHz,8.0,GDDR6X,256 bit,6144,192,96
15,NVIDIA,GeForce RTX 3070 Ti Max-Q,GA104,"Jan 4th, 2022",PCIe 4.0 x16,510 MHz,1500 MHz,8.0,GDDR6,256 bit,5888,184,96
16,NVIDIA,GeForce RTX 3070 Ti Mobile,GA104,"Jan 4th, 2022",PCIe 4.0 x16,915 MHz,1750 MHz,8.0,GDDR6,256 bit,5888,184,96
17,NVIDIA,GeForce RTX 3070 TiM,GA104,Nov 2022,PCIe 4.0 x16,915 MHz,1750 MHz,8.0,GDDR6,256 bit,5888,184,96
18,NVIDIA,GeForce RTX 3080 12 GB,GA102,"Jan 11th, 2022",PCIe 4.0 x16,1260 MHz,1188 MHz,12.0,GDDR6X,384 bit,8960,280,96
19,NVIDIA,GeForce RTX 3080 Ti 20 GB,GA102,Jan 2022,PCIe 4.0 x16,1335 MHz,1188 MHz,20.0,GDDR6X,320 bit,10240,320,112
20,NVIDIA,GeForce RTX 3080 Ti Max-Q,GA103,"Jan 25th, 2022",PCIe 4.0 x16,585 MHz,1500 MHz,16.0,GDDR6,256 bit,7424,232,96
21,NVIDIA,GeForce RTX 3080 Ti Mobile,GA103,"Jan 25th, 2022",PCIe 4.0 x16,810 MHz,2000 MHz,16.0,GDDR6,256 bit,7424,232,96
22,NVIDIA,GeForce RTX 3090 Ti,GA102,"Jan 27th, 2022",PCIe 4.0 x16,1560 MHz,1313 MHz,24.0,GDDR6X,384 bit,10752,336,112
23,NVIDIA,GeForce RTX 4080,AD103,"Sep 20th, 2022",PCIe 4.0 x16,2205 MHz,1400 MHz,16.0,GDDR6X,256 bit,9728,304,112
24,NVIDIA,GeForce RTX 4080 12 GB,AD104,Never Released,PCIe 4.0 x16,2310 MHz,1313 MHz,12.0,GDDR6X,192 bit,7680,240,80
25,NVIDIA,GeForce RTX 4090,AD102,"Sep 20th, 2022",PCIe 4.0 x16,2235 MHz,1313 MHz,24.0,GDDR6X,384 bit,16384,512,176
26,NVIDIA,H100 CNX,GH100,"Mar 22nd, 2022",PCIe 5.0 x16,690 MHz,1593 MHz,80.0,HBM2e,5120 bit,14592,456,24
27,NVIDIA,H100 PCIe,GH100,"Mar 22nd, 2022",PCIe 5.0 x16,1095 MHz,1593 MHz,80.0,HBM2e,5120 bit,14592,456,24
28,NVIDIA,H100 SXM5,GH100,"Mar 22nd, 2022",PCIe 5.0 x16,1665 MHz,1313 MHz,80.0,HBM3,5120 bit,16896,528,24
29,NVIDIA,H100 SXM5 96 GB,GH100,"Mar 22nd, 2022",PCIe 5.0 x16,1665 MHz,1313 MHz,96.0,HBM3,5120 bit,16896,528,24
30,NVIDIA,H800 SXM5,GH100,"Mar 22nd, 2022",PCIe 5.0 x16,1095 MHz,1313 MHz,80.0,HBM3,5120 bit,16896,528,24
31,NVIDIA,L40,AD102,"Oct 13th, 2022",PCIe 4.0 x16,735 MHz,2250 MHz,48.0,GDDR6,384 bit,18176,568,192
32,NVIDIA,L40 CNX,AD102,"Oct 13th, 2022",PCIe 4.0 x16,1005 MHz,2250 MHz,24.0,GDDR6,384 bit,18176,568,192
33,NVIDIA,L40G,AD102,"Oct 13th, 2022",PCIe 4.0 x16,1005 MHz,2250 MHz,24.0,GDDR6,384 bit,18176,568,192
34,NVIDIA,RTX 6000 Ada Generation,AD102,"Dec 3rd, 2022",PCIe 4.0 x16,915 MHz,2500 MHz,48.0,GDDR6,384 bit,18176,568,192
35,NVIDIA,RTX A1000 Embedded,GA107S,"Mar 30th, 2022",PCIe 4.0 x8,630 MHz,1750 MHz,4.0,GDDR6,128 bit,2048,64,32
36,NVIDIA,RTX A1000 Mobile,GA107,"Mar 30th, 2022",PCIe 4.0 x8,630 MHz,1375 MHz,4.0,GDDR6,128 bit,2048,64,32
37,NVIDIA,RTX A1000 Mobile 6 GB,GA107,"Mar 30th, 2022",PCIe 4.0 x8,652 MHz,1375 MHz,6.0,GDDR6,192 bit,2048,64,32
38,NVIDIA,RTX A2000 Embedded,GA107,"Mar 30th, 2022",PCIe 4.0 x8,607 MHz,1500 MHz,4.0,GDDR6,128 bit,2560,80,32
39,NVIDIA,RTX A3000 Mobile 12 GB,GA104,"Mar 22nd, 2022",PCIe 4.0 x16,855 MHz,1750 MHz,12.0,GDDR6,192 bit,4096,128,64
40,NVIDIA,RTX A4500 Embedded,GA104,"Mar 30th, 2022",PCIe 4.0 x16,510 MHz,1500 MHz,16.0,GDDR6,256 bit,5888,184,96
41,NVIDIA,RTX A4500 Max-Q,GA104,"Mar 22nd, 2022",PCIe 4.0 x16,510 MHz,1750 MHz,16.0,GDDR6,256 bit,5888,184,96
42,NVIDIA,RTX A4500 Mobile,GA104,"Mar 22nd, 2022",PCIe 4.0 x16,930 MHz,2000 MHz,16.0,GDDR6,256 bit,5888,184,96
43,NVIDIA,RTX A500 Embedded,GA107S,"Mar 30th, 2022",PCIe 4.0 x8,435 MHz,1750 MHz,2.0,GDDR6,64 bit,2048,64,32
44,NVIDIA,RTX A500 Mobile,GA107S,"Mar 22nd, 2022",PCIe 4.0 x8,832 MHz,1500 MHz,4.0,GDDR6,64 bit,2048,64,32
45,NVIDIA,RTX A5500,GA102,"Mar 22nd, 2022",PCIe 4.0 x16,1080 MHz,2000 MHz,24.0,GDDR6,384 bit,10240,320,96
46,NVIDIA,RTX A5500 Max-Q,GA103,"Mar 22nd, 2022",PCIe 4.0 x16,585 MHz,1750 MHz,16.0,GDDR6,256 bit,7424,232,96
47,NVIDIA,RTX A5500 Mobile,GA103,"Mar 22nd, 2022",PCIe 4.0 x16,975 MHz,2000 MHz,16.0,GDDR6,256 bit,7424,232,96
48,NVIDIA,T550 Mobile,TU117,May 2022,PCIe 3.0 x16,1065 MHz,1500 MHz,4.0,GDDR6,64 bit,1024,64,32
49,NVIDIA,Tesla T10 24 GB,TU102,Unknown,PCIe 3.0 x16,1305 MHz,1625 MHz,24.0,GDDR6,384 bit,4608,288,96
0,NVIDIA,A10 PCIe,GA102,"Apr 12th, 2021",PCIe 4.0 x16,885 MHz,1563 MHz,24.0,GDDR6,384 bit,9216,288,96
1,NVIDIA,A100 PCIe 80 GB,GA100,"Jun 28th, 2021",PCIe 4.0 x16,1065 MHz,1512 MHz,80.0,HBM2e,5120 bit,6912,432,160
2,NVIDIA,A100X,GA100,"Jun 28th, 2021",PCIe 4.0 x8,795 MHz,1593 MHz,80.0,HBM2e,5120 bit,6912,432,160
3,NVIDIA,A10G,GA102,"Apr 12th, 2021",PCIe 4.0 x16,1320 MHz,1563 MHz,24.0,GDDR6,384 bit,9216,288,96
4,NVIDIA,A16 PCIe,GA107,"Apr 12th, 2021",PCIe 4.0 x8,1312 MHz,1563 MHz,16.0,GDDR6,128 bit,1280,40,32
5,NVIDIA,A2,GA107,"Nov 10th, 2021",PCIe 4.0 x8,1440 MHz,1563 MHz,16.0,GDDR6,128 bit,1280,40,32
6,NVIDIA,A2 PCIe,GA107,"Nov 10th, 2021",PCIe 4.0 x8,1440 MHz,1563 MHz,16.0,GDDR6,128 bit,1280,40,32
7,NVIDIA,A30 PCIe,GA100,"Apr 12th, 2021",PCIe 4.0 x16,930 MHz,1215 MHz,24.0,HBM2e,3072 bit,3584,224,96
8,NVIDIA,A30X,GA100,"Apr 12th, 2021",PCIe 4.0 x8,1035 MHz,1593 MHz,24.0,HBM2e,3072 bit,3584,224,96
9,NVIDIA,CMP 170HX 10 GB,GA100,"Sep 1st, 2021",PCIe 4.0 x4,1140 MHz,1215 MHz,10.0,HBM2e,5120 bit,4480,280,128
10,NVIDIA,CMP 170HX 8 GB,GA100,"Sep 1st, 2021",PCIe 4.0 x4,1140 MHz,1458 MHz,8.0,HBM2e,4096 bit,4480,280,128
11,NVIDIA,CMP 30HX,TU116,"Feb 25th, 2021",PCIe 3.0 x4,1530 MHz,1750 MHz,6.0,GDDR6,192 bit,1408,88,48
12,NVIDIA,CMP 40HX,TU106,"Feb 25th, 2021",PCIe 3.0 x16,1470 MHz,1750 MHz,8.0,GDDR6,256 bit,2304,144,64
13,NVIDIA,CMP 50HX,TU102,"Jun 24th, 2021",PCIe 3.0 x16,1350 MHz,1750 MHz,10.0,GDDR6,320 bit,3584,192,80
14,NVIDIA,CMP 70HX,GA104,2021,PCIe 4.0 x16,1365 MHz,1188 MHz,8.0,GDDR6X,256 bit,6144,192,96
15,NVIDIA,CMP 90HX,GA102,"Jul 28th, 2021",PCIe 4.0 x16,1500 MHz,1188 MHz,10.0,GDDR6X,320 bit,6400,200,80
16,NVIDIA,GeForce GT 1010,GP108,"Jan 13th, 2021",PCIe 3.0 x4,1228 MHz,1502 MHz,2.0,GDDR5,64 bit,256,16,8
17,NVIDIA,GeForce GT 1010 DDR4,GP108,"Jan 13th, 2021",PCIe 3.0 x4,1152 MHz,1050 MHz,2.0,DDR4,64 bit,256,16,8
18,NVIDIA,GeForce MX550,TU117SB,"Dec 17th, 2021",PCIe 4.0 x8,1065 MHz,1500 MHz,2.0,GDDR6,64 bit,1024,32,16
19,NVIDIA,GeForce MX570,GA107S,"Dec 17th, 2021",PCIe 4.0 x8,832 MHz,1500 MHz,2.0,GDDR6,64 bit,2048,64,32
20,NVIDIA,GeForce MX570 A,GA107SB,"Dec 17th, 2021",PCIe 4.0 x8,832 MHz,1500 MHz,2.0,GDDR6,64 bit,2048,64,32
21,NVIDIA,GeForce RTX 2050 Max-Q,GA107,"Dec 17th, 2021",PCIe 3.0 x8,832 MHz,1475 MHz,4.0,GDDR6,64 bit,2048,64,32
22,NVIDIA,GeForce RTX 2050 Mobile,GA107,"Dec 17th, 2021",PCIe 3.0 x8,735 MHz,1750 MHz,4.0,GDDR6,64 bit,2048,64,32
23,NVIDIA,GeForce RTX 2060 12 GB,TU106,"Dec 7th, 2021",PCIe 3.0 x16,1470 MHz,1750 MHz,12.0,GDDR6,192 bit,2176,136,48
24,NVIDIA,GeForce RTX 3050 Max-Q,GA107,"May 11th, 2021",PCIe 4.0 x8,712 MHz,1375 MHz,4.0,GDDR6,128 bit,2048,64,32
25,NVIDIA,GeForce RTX 3050 Mobile,GA107,"May 11th, 2021",PCIe 4.0 x8,1065 MHz,1500 MHz,4.0,GDDR6,128 bit,2048,64,32
26,NVIDIA,GeForce RTX 3050 Ti Mobile,GA107,"May 11th, 2021",PCIe 4.0 x8,735 MHz,1500 MHz,4.0,GDDR6,128 bit,2560,80,32
27,NVIDIA,GeForce RTX 3050 Ti Mobile,GA106,"May 11th, 2021",PCIe 4.0 x16,735 MHz,1500 MHz,4.0,GDDR6,128 bit,2560,80,48
28,NVIDIA,GeForce RTX 3060 12 GB,GA106,"Jan 12th, 2021",PCIe 4.0 x16,1320 MHz,1875 MHz,12.0,GDDR6,192 bit,3584,112,48
29,NVIDIA,GeForce RTX 3060 12 GB GA104,GA104,"Sep 1st, 2021",PCIe 4.0 x16,1320 MHz,1875 MHz,12.0,GDDR6,192 bit,3584,112,48
30,NVIDIA,GeForce RTX 3060 3840SP,GA106,2021,PCIe 4.0 x16,1627 MHz,1750 MHz,6.0,GDDR6,192 bit,3840,120,48
31,NVIDIA,GeForce RTX 3060 Max-Q,GA106,"Jan 12th, 2021",PCIe 4.0 x16,817 MHz,1500 MHz,6.0,GDDR6,192 bit,3840,120,48
32,NVIDIA,GeForce RTX 3060 Mobile,GA106,"Jan 12th, 2021",PCIe 4.0 x16,900 MHz,1750 MHz,6.0,GDDR6,192 bit,3840,120,48
33,NVIDIA,GeForce RTX 3070 Max-Q,GA104,"Jan 12th, 2021",PCIe 4.0 x16,780 MHz,1500 MHz,8.0,GDDR6,256 bit,5120,160,80
34,NVIDIA,GeForce RTX 3070 Mobile,GA104,"Jan 12th, 2021",PCIe 4.0 x16,1110 MHz,1750 MHz,8.0,GDDR6,256 bit,5120,160,80
35,NVIDIA,GeForce RTX 3070 Ti,GA104,"May 31st, 2021",PCIe 4.0 x16,1575 MHz,1188 MHz,8.0,GDDR6X,256 bit,6144,192,96
36,NVIDIA,GeForce RTX 3080 Max-Q,GA104,"Jan 12th, 2021",PCIe 4.0 x16,780 MHz,1500 MHz,8.0,GDDR6,256 bit,6144,192,96
37,NVIDIA,GeForce RTX 3080 Mobile,GA104,"Jan 12th, 2021",PCIe 4.0 x16,1110 MHz,1750 MHz,8.0,GDDR6,256 bit,6144,192,96
38,NVIDIA,GeForce RTX 3080 Ti,GA102,"May 31st, 2021",PCIe 4.0 x16,1365 MHz,1188 MHz,12.0,GDDR6X,384 bit,10240,320,112
39,NVIDIA,PG506-207,GA100,"Apr 12th, 2021",PCIe 4.0 x16,930 MHz,1215 MHz,24.0,HBM2,3072 bit,3584,224,96
40,NVIDIA,PG506-217,GA100,"Apr 12th, 2021",PCIe 4.0 x16,930 MHz,1215 MHz,24.0,HBM2,3072 bit,3584,224,96
41,NVIDIA,PG506-232,GA100,"Apr 12th, 2021",PCIe 4.0 x16,930 MHz,1215 MHz,24.0,HBM2,3072 bit,3584,224,96
42,NVIDIA,PG506-242,GA100,"Apr 12th, 2021",PCIe 4.0 x16,930 MHz,1215 MHz,24.0,HBM2,3072 bit,3584,224,96
43,NVIDIA,Quadro T1200 Max-Q,TU117,"Apr 12th, 2021",PCIe 3.0 x16,855 MHz,1250 MHz,4.0,GDDR6,128 bit,1024,64,32
44,NVIDIA,Quadro T1200 Mobile,TU117,"Apr 12th, 2021",PCIe 3.0 x16,1515 MHz,1500 MHz,4.0,GDDR6,128 bit,1024,64,32
45,NVIDIA,RTX A2000,GA106,"Aug 10th, 2021",PCIe 4.0 x16,562 MHz,1500 MHz,6.0,GDDR6,192 bit,3328,104,48
46,NVIDIA,RTX A2000 12 GB,GA106,"Nov 23rd, 2021",PCIe 4.0 x16,562 MHz,1500 MHz,12.0,GDDR6,192 bit,3328,104,48
47,NVIDIA,RTX A2000 Max-Q,GA106,"Apr 12th, 2021",PCIe 4.0 x16,682 MHz,1375 MHz,4.0,GDDR6,128 bit,2560,80,48
48,NVIDIA,RTX A2000 Mobile,GA106,"Apr 12th, 2021",PCIe 4.0 x16,1215 MHz,1500 MHz,4.0,GDDR6,128 bit,2560,80,48
49,NVIDIA,RTX A3000 Mobile,GA104,"Apr 12th, 2021",PCIe 4.0 x16,600 MHz,1375 MHz,6.0,GDDR6,192 bit,4096,128,64
50,NVIDIA,RTX A3000 Mobile 12 GB,GA104,"Apr 12th, 2021",PCIe 4.0 x16,495 MHz,1750 MHz,12.0,GDDR6,192 bit,4096,128,64
51,NVIDIA,RTX A4 Mobile,GA107,"Apr 12th, 2021",PCIe 4.0 x8,1297 MHz,1750 MHz,4.0,GDDR6,128 bit,2048,64,32
52,NVIDIA,RTX A4000,GA104,"Apr 12th, 2021",PCIe 4.0 x16,735 MHz,1750 MHz,16.0,GDDR6,256 bit,6144,192,96
53,NVIDIA,RTX A4000 Max-Q,GA104,"Apr 12th, 2021",PCIe 4.0 x16,780 MHz,1375 MHz,8.0,GDDR6,256 bit,5120,160,80
54,NVIDIA,RTX A4000 Mobile,GA104,"Apr 12th, 2021",PCIe 4.0 x16,1140 MHz,1500 MHz,8.0,GDDR6,256 bit,5120,160,80
55,NVIDIA,RTX A4000H,GA104,"Apr 12th, 2021",PCIe 4.0 x16,735 MHz,1750 MHz,16.0,GDDR6,256 bit,6144,192,96
56,NVIDIA,RTX A4500,GA102,"Nov 23rd, 2021",PCIe 4.0 x16,1050 MHz,2000 MHz,20.0,GDDR6,320 bit,7168,224,96
57,NVIDIA,RTX A500,GA107,"Nov 10th, 2021",PCIe 4.0 x8,1440 MHz,1750 MHz,4.0,GDDR6,64 bit,2048,64,32
58,NVIDIA,RTX A5000,GA102,"Apr 12th, 2021",PCIe 4.0 x16,1170 MHz,2000 MHz,24.0,GDDR6,384 bit,8192,256,96
59,NVIDIA,RTX A5000 Max-Q,GA104,"Apr 12th, 2021",PCIe 4.0 x16,720 MHz,1500 MHz,16.0,GDDR6,256 bit,6144,192,96
60,NVIDIA,RTX A5000 Mobile,GA104,"Apr 12th, 2021",PCIe 4.0 x16,900 MHz,1750 MHz,16.0,GDDR6,256 bit,6144,192,96
61,NVIDIA,RTX A5000-12Q,GA102,"Apr 12th, 2021",PCIe 4.0 x16,1170 MHz,2000 MHz,12.0,GDDR6,384 bit,8192,256,96
62,NVIDIA,RTX A5000-8Q,GA102,"Apr 12th, 2021",PCIe 4.0 x16,1170 MHz,2000 MHz,8.0,GDDR6,384 bit,8192,256,96
63,NVIDIA,T1000,TU117,"May 6th, 2021",PCIe 3.0 x16,1065 MHz,1250 MHz,4.0,GDDR6,128 bit,896,56,32
64,NVIDIA,T1000 8 GB,TU117,"May 6th, 2021",PCIe 3.0 x16,1065 MHz,1250 MHz,8.0,GDDR6,128 bit,896,56,32
65,NVIDIA,T400,TU117,"May 6th, 2021",PCIe 3.0 x16,420 MHz,1250 MHz,2.0,GDDR6,64 bit,384,24,16
66,NVIDIA,T400 4 GB,TU117,"May 6th, 2021",PCIe 3.0 x16,420 MHz,1250 MHz,4.0,GDDR6,64 bit,384,24,16
67,NVIDIA,T600,TU117,"Apr 12th, 2021",PCIe 3.0 x16,735 MHz,1250 MHz,4.0,GDDR6,128 bit,640,40,32
68,NVIDIA,T600 Mobile,TU117,"Apr 12th, 2021",PCIe 3.0 x16,930 MHz,1250 MHz,4.0,GDDR6,128 bit,896,56,32
0,NVIDIA,A100 PCIe 40 GB,GA100,"Jun 22nd, 2020",PCIe 4.0 x16,765 MHz,1215 MHz,40.0,HBM2e,5120 bit,6912,432,160
1,NVIDIA,A100 SXM4 40 GB,GA100,"May 14th, 2020",PCIe 4.0 x16,1095 MHz,1215 MHz,40.0,HBM2e,5120 bit,6912,432,160
2,NVIDIA,A100 SXM4 80 GB,GA100,"Nov 16th, 2020",PCIe 4.0 x16,1275 MHz,1593 MHz,80.0,HBM2e,5120 bit,6912,432,160
3,NVIDIA,A40 PCIe,GA102,"Oct 5th, 2020",PCIe 4.0 x16,1305 MHz,1812 MHz,48.0,GDDR6,384 bit,10752,336,112
4,NVIDIA,DRIVE A100 PROD,GA100,"May 14th, 2020",PCIe 4.0 x16,1065 MHz,1215 MHz,32.0,HBM2e,6144 bit,6912,432,192
5,NVIDIA,GRID A100A,GA100,"May 14th, 2020",PCIe 4.0 x16,900 MHz,1215 MHz,32.0,HBM2e,6144 bit,6912,432,192
6,NVIDIA,GRID A100B,GA100,"May 14th, 2020",PCIe 4.0 x16,900 MHz,1215 MHz,48.0,HBM2e,6144 bit,6912,432,192
7,NVIDIA,GRID RTX T10-16,TU102,Unknown,PCIe 3.0 x16,1065 MHz,1575 MHz,16.0,GDDR6,384 bit,4608,288,96
8,NVIDIA,GRID RTX T10-2,TU102,2020,PCIe 3.0 x16,1065 MHz,1750 MHz,2.0,GDDR6,384 bit,4608,288,96
9,NVIDIA,GRID RTX T10-4,TU102,2020,PCIe 3.0 x16,1065 MHz,1750 MHz,4.0,GDDR6,384 bit,4608,288,96
10,NVIDIA,GRID RTX T10-8,TU102,Unknown,PCIe 3.0 x16,1065 MHz,1750 MHz,8.0,GDDR6,384 bit,4608,288,96
11,NVIDIA,GeForce GTX 1650 GDDR6,TU117,"Apr 1st, 2020",PCIe 3.0 x16,1410 MHz,1500 MHz,4.0,GDDR6,128 bit,896,56,32
12,NVIDIA,GeForce GTX 1650 Max-Q,TU117,"Apr 15th, 2020",PCIe 3.0 x16,930 MHz,1250 MHz,4.0,GDDR6,128 bit,1024,64,32
13,NVIDIA,GeForce GTX 1650 Mobile,TU117,"Apr 15th, 2020",PCIe 3.0 x16,1380 MHz,1500 MHz,4.0,GDDR6,128 bit,1024,64,32
14,NVIDIA,GeForce GTX 1650 TU106,TU106,"Jun 18th, 2020",PCIe 3.0 x16,1410 MHz,1500 MHz,4.0,GDDR6,128 bit,896,56,32
15,NVIDIA,GeForce GTX 1650 TU116,TU116,"Jul 7th, 2020",PCIe 3.0 x16,1410 MHz,1500 MHz,4.0,GDDR6,128 bit,896,56,32
16,NVIDIA,GeForce GTX 1650 Ti Max-Q,TU117,"Apr 2nd, 2020",PCIe 3.0 x16,1035 MHz,1250 MHz,4.0,GDDR6,128 bit,1024,64,32
17,NVIDIA,GeForce GTX 1650 Ti Mobile,TU117,"Apr 2nd, 2020",PCIe 3.0 x16,1350 MHz,1500 MHz,4.0,GDDR6,128 bit,1024,64,32
18,NVIDIA,GeForce GTX 1650 Ti Mobile,TU116,"Apr 23rd, 2020",PCIe 3.0 x16,1350 MHz,1500 MHz,4.0,GDDR6,128 bit,1024,64,32
19,NVIDIA,GeForce MX330,GP108B,"Feb 10th, 2020",PCIe 3.0 x4,1531 MHz,1752 MHz,2.0,GDDR5,64 bit,384,24,16
20,NVIDIA,GeForce MX350,GP107S,"Feb 10th, 2020",PCIe 3.0 x4,747 MHz,1752 MHz,2.0,GDDR5,64 bit,640,32,16
21,NVIDIA,GeForce MX350,GP107S,"Feb 10th, 2020",PCIe 3.0 x4,1354 MHz,1752 MHz,2.0,GDDR5,64 bit,640,32,16
22,NVIDIA,GeForce MX450 12W,TU117S,"Aug 15th, 2020",PCIe 4.0 x4,720 MHz,1250 MHz,2.0,GDDR6,64 bit,896,56,32
23,NVIDIA,GeForce MX450 30.5W 10Gbps,TU117S,"Aug 25th, 2020",PCIe 4.0 x4,1395 MHz,1250 MHz,2.0,GDDR6,64 bit,896,56,32
24,NVIDIA,GeForce MX450 30.5W 8Gbps,TU117S,"Aug 25th, 2020",PCIe 4.0 x4,1035 MHz,2000 MHz,2.0,GDDR5,64 bit,896,56,32
25,NVIDIA,GeForce RTX 2060 Max-Q,TU106,"Jan 29th, 2020",PCIe 3.0 x16,975 MHz,1375 MHz,6.0,GDDR6,192 bit,1920,120,48
26,NVIDIA,GeForce RTX 2060 TU104,TU104,"Jan 10th, 2020",PCIe 3.0 x16,1365 MHz,1750 MHz,6.0,GDDR6,192 bit,1920,120,48
27,NVIDIA,GeForce RTX 2070 Max-Q Refresh,TU106B,"Mar 4th, 2020",PCIe 3.0 x16,900 MHz,1375 MHz,8.0,GDDR6,256 bit,2304,144,64
28,NVIDIA,GeForce RTX 2070 Mobile Refresh,TU106B,"Mar 4th, 2020",PCIe 3.0 x16,1260 MHz,1375 MHz,8.0,GDDR6,256 bit,2304,144,64
29,NVIDIA,GeForce RTX 2070 SUPER Max-Q,TU104,"Apr 2nd, 2020",PCIe 3.0 x16,930 MHz,1375 MHz,8.0,GDDR6,256 bit,2560,160,64
30,NVIDIA,GeForce RTX 2070 SUPER Mobile,TU104,"Apr 2nd, 2020",PCIe 3.0 x16,1140 MHz,1750 MHz,8.0,GDDR6,256 bit,2560,160,64
31,NVIDIA,GeForce RTX 2080 SUPER Max-Q,TU104,"Apr 2nd, 2020",PCIe 3.0 x16,735 MHz,1375 MHz,8.0,GDDR6,256 bit,3072,192,64
32,NVIDIA,GeForce RTX 2080 SUPER Mobile,TU104,"Apr 2nd, 2020",PCIe 3.0 x16,1365 MHz,1750 MHz,8.0,GDDR6,256 bit,3072,192,64
33,NVIDIA,GeForce RTX 3060 Ti,GA104,"Dec 1st, 2020",PCIe 4.0 x16,1410 MHz,1750 MHz,8.0,GDDR6,256 bit,4864,152,80
34,NVIDIA,GeForce RTX 3070,GA104,"Sep 1st, 2020",PCIe 4.0 x16,1500 MHz,1750 MHz,8.0,GDDR6,256 bit,5888,184,96
35,NVIDIA,GeForce RTX 3080,GA102,"Sep 1st, 2020",PCIe 4.0 x16,1440 MHz,1188 MHz,10.0,GDDR6X,320 bit,8704,272,96
36,NVIDIA,GeForce RTX 3090,GA102,"Sep 1st, 2020",PCIe 4.0 x16,1395 MHz,1219 MHz,24.0,GDDR6X,384 bit,10496,328,112
37,NVIDIA,Jetson Xavier NX 16 GB,GV10B,"May 14th, 2020",PCIe 4.0 x4,854 MHz,1866 MHz,16.0,LPDDR4X,128 bit,384,24,16
38,NVIDIA,Jetson Xavier NX 8 GB,GV10B,"May 14th, 2020",PCIe 4.0 x4,854 MHz,1866 MHz,8.0,LPDDR4X,128 bit,384,24,16
39,NVIDIA,Quadro RTX 5000 Mobile Refresh,TU104B,"Jun 8th, 2020",PCIe 3.0 x16,1035 MHz,1750 MHz,16.0,GDDR6,256 bit,3072,192,64
40,NVIDIA,Quadro RTX 5000 X2 Mobile,TU104,"Jun 8th, 2020",PCIe 3.0 x16,1035 MHz,1750 MHz,16.0,GDDR6,256 bit,3072,192,64
41,NVIDIA,Quadro T1000 Mobile GDDR6,TU117,"Jun 8th, 2020",PCIe 3.0 x16,1395 MHz,1500 MHz,4.0,GDDR6,128 bit,896,56,32
42,NVIDIA,RTX A6000,GA102,"Oct 5th, 2020",PCIe 4.0 x16,1410 MHz,2000 MHz,48.0,GDDR6,384 bit,10752,336,112
43,NVIDIA,T500 Max-Q,TU117,"Dec 2nd, 2020",PCIe 3.0 x16,795 MHz,1250 MHz,4.0,GDDR6,64 bit,896,56,32
44,NVIDIA,T500 Mobile,TU117,"Dec 2nd, 2020",PCIe 3.0 x16,1185 MHz,1250 MHz,4.0,GDDR6,64 bit,896,56,32
45,NVIDIA,Tesla T10 16 GB,TU102,2020,PCIe 3.0 x16,1065 MHz,1575 MHz,16.0,GDDR6,256 bit,3072,192,96
0,NVIDIA,GeForce GTX 1050 Mobile 3 GB,GP107,"Feb 1st, 2019",PCIe 3.0 x16,1366 MHz,1752 MHz,3.0,GDDR5,96 bit,768,48,24
1,NVIDIA,GeForce GTX 1650,TU117,"Apr 23rd, 2019",PCIe 3.0 x16,1485 MHz,2001 MHz,4.0,GDDR5,128 bit,896,56,32
2,NVIDIA,GeForce GTX 1650 Max-Q,TU117,"Apr 23rd, 2019",PCIe 3.0 x16,1020 MHz,1751 MHz,4.0,GDDR5,128 bit,1024,64,32
3,NVIDIA,GeForce GTX 1650 Mobile,TU117,"Apr 23rd, 2019",PCIe 3.0 x16,1395 MHz,2001 MHz,4.0,GDDR5,128 bit,1024,64,32
4,NVIDIA,GeForce GTX 1650 SUPER,TU116,"Nov 22nd, 2019",PCIe 3.0 x16,1530 MHz,1500 MHz,4.0,GDDR6,128 bit,1280,80,32
5,NVIDIA,GeForce GTX 1660,TU116,"Mar 14th, 2019",PCIe 3.0 x16,1530 MHz,2001 MHz,6.0,GDDR5,192 bit,1408,88,48
6,NVIDIA,GeForce GTX 1660 SUPER,TU116,"Oct 29th, 2019",PCIe 3.0 x16,1530 MHz,1750 MHz,6.0,GDDR6,192 bit,1408,88,48
7,NVIDIA,GeForce GTX 1660 Ti,TU116,"Feb 22nd, 2019",PCIe 3.0 x16,1500 MHz,1500 MHz,6.0,GDDR6,192 bit,1536,96,48
8,NVIDIA,GeForce GTX 1660 Ti Max-Q,TU116,"Apr 23rd, 2019",PCIe 3.0 x16,1140 MHz,1500 MHz,6.0,GDDR6,192 bit,1536,96,48
9,NVIDIA,GeForce GTX 1660 Ti Mobile,TU116,"Apr 23rd, 2019",PCIe 3.0 x16,1455 MHz,1500 MHz,6.0,GDDR6,192 bit,1536,96,48
10,NVIDIA,GeForce MX150 GP107,GP107,"Feb 23rd, 2019",PCIe 3.0 x4,1469 MHz,1502 MHz,2.0,GDDR5,64 bit,384,24,16
11,NVIDIA,GeForce MX230,GP108,"Feb 21st, 2019",PCIe 3.0 x4,1519 MHz,1502 MHz,2.0,GDDR5,64 bit,256,16,16
12,NVIDIA,GeForce MX250,GP108,"Feb 21st, 2019",PCIe 3.0 x4,1519 MHz,1502 MHz,2.0,GDDR5,64 bit,384,24,16
13,NVIDIA,GeForce MX250,GP108B,"Feb 20th, 2019",PCIe 3.0 x4,937 MHz,1502 MHz,2.0,GDDR5,64 bit,384,24,16
14,NVIDIA,GeForce RTX 2060,TU106,"Jan 7th, 2019",PCIe 3.0 x16,1365 MHz,1750 MHz,6.0,GDDR6,192 bit,1920,120,48
15,NVIDIA,GeForce RTX 2060 Max-Q Refresh,TU106B,"Jan 29th, 2019",PCIe 3.0 x16,960 MHz,1353 MHz,6.0,GDDR6,192 bit,1920,120,48
16,NVIDIA,GeForce RTX 2060 Mobile,TU106,"Jan 29th, 2019",PCIe 3.0 x16,960 MHz,1750 MHz,6.0,GDDR6,192 bit,1920,120,48
17,NVIDIA,GeForce RTX 2060 Mobile Refresh,TU106B,"Jan 29th, 2019",PCIe 3.0 x16,1005 MHz,1375 MHz,6.0,GDDR6,192 bit,1920,120,48
18,NVIDIA,GeForce RTX 2060 SUPER,TU106,"Jul 9th, 2019",PCIe 3.0 x16,1470 MHz,1750 MHz,8.0,GDDR6,256 bit,2176,136,64
19,NVIDIA,GeForce RTX 2070 Max-Q,TU106,"Jan 29th, 2019",PCIe 3.0 x16,885 MHz,1500 MHz,8.0,GDDR6,256 bit,2304,144,64
20,NVIDIA,GeForce RTX 2070 Mobile,TU106,"Jan 29th, 2019",PCIe 3.0 x16,1215 MHz,1750 MHz,8.0,GDDR6,256 bit,2304,144,64
21,NVIDIA,GeForce RTX 2070 SUPER,TU104,"Jul 9th, 2019",PCIe 3.0 x16,1605 MHz,1750 MHz,8.0,GDDR6,256 bit,2560,160,64
22,NVIDIA,GeForce RTX 2080 Max-Q,TU104,"Jan 29th, 2019",PCIe 3.0 x16,735 MHz,1500 MHz,8.0,GDDR6,256 bit,2944,184,64
23,NVIDIA,GeForce RTX 2080 Mobile,TU104,"Jan 29th, 2019",PCIe 3.0 x16,1380 MHz,1750 MHz,8.0,GDDR6,256 bit,2944,184,64
24,NVIDIA,GeForce RTX 2080 SUPER,TU104,"Jul 23rd, 2019",PCIe 3.0 x16,1650 MHz,1937 MHz,8.0,GDDR6,256 bit,3072,192,64
25,NVIDIA,GeForce RTX 2080 Ti 12 GB,TU102,Never Released,PCIe 3.0 x16,1410 MHz,2000 MHz,12.0,GDDR6,384 bit,4608,288,96
26,NVIDIA,Jetson Nano,GM20B,Mar 2019,PCIe 2.0 x4,640 MHz,1600 MHz,4.0,LPDDR4,64 bit,128,16,16
27,NVIDIA,P106M,GP106,"Jan 23rd, 2019",PCIe 3.0 x16,1291 MHz,1502 MHz,4.0,GDDR5,128 bit,1152,72,32
28,NVIDIA,Quadro P2000 Mobile,GP106,"Feb 15th, 2019",PCIe 3.0 x16,1291 MHz,1502 MHz,3.75,GDDR5,128 bit,1152,72,32
29,NVIDIA,Quadro P2200,GP106,"Jun 10th, 2019",PCIe 3.0 x16,1000 MHz,1251 MHz,5.0,GDDR5X,160 bit,1280,80,40
30,NVIDIA,Quadro P520 Max-Q,GP108,"May 23rd, 2019",PCIe 3.0 x16,1303 MHz,1375 MHz,4.0,GDDR5,64 bit,384,24,16
31,NVIDIA,Quadro P520 Mobile,GP108,"May 23rd, 2019",PCIe 3.0 x16,1303 MHz,1502 MHz,2.0,GDDR5,64 bit,384,24,16
32,NVIDIA,Quadro RTX 3000 Max-Q,TU106,"May 27th, 2019",PCIe 3.0 x16,600 MHz,1500 MHz,6.0,GDDR6,192 bit,1920,120,64
33,NVIDIA,Quadro RTX 3000 Mobile,TU106,"May 27th, 2019",PCIe 3.0 x16,945 MHz,1750 MHz,6.0,GDDR6,192 bit,1920,120,64
34,NVIDIA,Quadro RTX 3000 Mobile Refresh,TU106,"May 27th, 2019",PCIe 3.0 x16,945 MHz,1750 MHz,6.0,GDDR6,192 bit,1920,120,64
35,NVIDIA,Quadro RTX 3000 X2 Mobile,TU106,"May 27th, 2019",PCIe 3.0 x16,945 MHz,1750 MHz,6.0,GDDR6,192 bit,1920,120,64
36,NVIDIA,Quadro RTX 4000 Max-Q,TU104,"May 27th, 2019",PCIe 3.0 x16,780 MHz,1500 MHz,8.0,GDDR6,256 bit,2560,160,64
37,NVIDIA,Quadro RTX 4000 Mobile,TU104,"May 27th, 2019",PCIe 3.0 x16,1110 MHz,1750 MHz,8.0,GDDR6,256 bit,2560,160,64
38,NVIDIA,Quadro RTX 5000 Max-Q,TU104,"May 27th, 2019",PCIe 3.0 x16,600 MHz,1500 MHz,16.0,GDDR6,256 bit,3072,192,64
39,NVIDIA,Quadro RTX 5000 Mobile,TU104,"May 27th, 2019",PCIe 3.0 x16,1035 MHz,1750 MHz,16.0,GDDR6,256 bit,3072,192,64
40,NVIDIA,Quadro RTX 6000 Mobile,TU102,"Sep 4th, 2019",PCIe 3.0 x16,1275 MHz,1750 MHz,24.0,GDDR6,384 bit,4608,288,96
41,NVIDIA,Quadro T1000 Max-Q,TU117,"May 27th, 2019",PCIe 3.0 x16,765 MHz,1250 MHz,4.0,GDDR5,128 bit,896,56,32
42,NVIDIA,Quadro T1000 Mobile,TU117,"May 27th, 2019",PCIe 3.0 x16,1395 MHz,2001 MHz,4.0,GDDR5,128 bit,896,56,32
43,NVIDIA,Quadro T2000 Max-Q,TU117,"May 27th, 2019",PCIe 3.0 x16,1035 MHz,1250 MHz,4.0,GDDR5,128 bit,1024,64,32
44,NVIDIA,Quadro T2000 Mobile,TU117,"May 27th, 2019",PCIe 3.0 x16,1575 MHz,2001 MHz,4.0,GDDR5,128 bit,1024,64,32
45,NVIDIA,Switch GPU 16nm,GM20B,"Aug 16th, 2019",IGP,384 MHz,1600 MHz,4.0,DDR4,64 bit,256,16,16
46,NVIDIA,Tesla PG500-216,GV100,"Nov 26th, 2019",PCIe 3.0 x16,1260 MHz,1106 MHz,32.0,HBM2,4096 bit,5120,320,128
47,NVIDIA,Tesla PG503-216,GV100,"Nov 26th, 2019",PCIe 3.0 x16,1312 MHz,1106 MHz,32.0,HBM2,4096 bit,5120,320,128
48,NVIDIA,Tesla V100 SXM2 16 GB,GV100,"Nov 26th, 2019",PCIe 3.0 x16,1245 MHz,1106 MHz,16.0,HBM2,4096 bit,5120,320,128
49,NVIDIA,Tesla V100S PCIe 32 GB,GV100,"Nov 26th, 2019",PCIe 3.0 x16,1245 MHz,1107 MHz,32.0,HBM2,4096 bit,5120,320,128
0,NVIDIA,GeForce GT 1030 DDR4,GP108,"Mar 12th, 2018",PCIe 3.0 x4,1152 MHz,1050 MHz,2.0,DDR4,64 bit,384,24,16
1,NVIDIA,GeForce GT 1030 GK107,GK107,"Sep 30th, 2018",PCIe 3.0 x16,1058 MHz,1250 MHz,2.0,GDDR5,128 bit,384,32,16
2,NVIDIA,GeForce GTX 1050 3 GB,GP107,"May 21st, 2018",PCIe 3.0 x16,1392 MHz,1752 MHz,3.0,GDDR5,96 bit,768,48,24
3,NVIDIA,GeForce GTX 1050 Max-Q,GP107,"Jan 3rd, 2018",PCIe 3.0 x16,1000 MHz,1752 MHz,4.0,GDDR5,128 bit,640,40,16
4,NVIDIA,GeForce GTX 1050 Ti Max-Q,GP107,"Jan 3rd, 2018",PCIe 3.0 x16,1152 MHz,1752 MHz,4.0,GDDR5,128 bit,768,48,32
5,NVIDIA,GeForce GTX 1060 6 GB GDDR5X,GP104,"Oct 18th, 2018",PCIe 3.0 x16,1506 MHz,1001 MHz,6.0,GDDR5X,192 bit,1280,80,48
6,NVIDIA,GeForce GTX 1060 6 GB GP104,GP104,"Mar 8th, 2018",PCIe 3.0 x16,1506 MHz,2002 MHz,6.0,GDDR5,192 bit,1280,80,48
7,NVIDIA,GeForce GTX 1060 6 GB Rev. 2,GP106,"Jan 5th, 2018",PCIe 3.0 x16,1506 MHz,2002 MHz,6.0,GDDR5,192 bit,1280,80,48
8,NVIDIA,GeForce GTX 1060 8 GB GDDR5X,GP104,Never Released,PCIe 3.0 x16,1506 MHz,1001 MHz,8.0,GDDR5X,256 bit,1280,80,64
9,NVIDIA,GeForce GTX 1070 GDDR5X,GP104,"Dec 4th, 2018",PCIe 3.0 x16,1506 MHz,1001 MHz,8.0,GDDR5X,256 bit,1920,120,64
10,NVIDIA,GeForce GTX 1080 Ti 10 GB,GP102,Never Released,PCIe 3.0 x16,1557 MHz,1376 MHz,10.0,GDDR5X,320 bit,3200,200,80
11,NVIDIA,GeForce RTX 2070,TU106,"Oct 17th, 2018",PCIe 3.0 x16,1410 MHz,1750 MHz,8.0,GDDR6,256 bit,2304,144,64
12,NVIDIA,GeForce RTX 2080,TU104,"Sep 20th, 2018",PCIe 3.0 x16,1515 MHz,1750 MHz,8.0,GDDR6,256 bit,2944,184,64
13,NVIDIA,GeForce RTX 2080 Engineering Sample,TU104,Never Released,PCIe 3.0 x16,1515 MHz,1750 MHz,8.0,GDDR6,256 bit,3072,192,64
14,NVIDIA,GeForce RTX 2080 Ti,TU102,"Sep 20th, 2018",PCIe 3.0 x16,1350 MHz,1750 MHz,11.0,GDDR6,352 bit,4352,272,88
15,NVIDIA,Jetson AGX Xavier 16 GB,GV10B,Oct 2018,PCIe 4.0 x4,854 MHz,2133 MHz,16.0,LPDDR4X,256 bit,512,32,16
16,NVIDIA,Jetson AGX Xavier 32 GB,GV10B,Oct 2018,PCIe 4.0 x4,854 MHz,2133 MHz,32.0,LPDDR4X,256 bit,512,32,16
17,NVIDIA,P102-100,GP102,"Feb 12th, 2018",PCIe 1.0 x4,1582 MHz,1376 MHz,5.0,GDDR5X,320 bit,3200,200,80
18,NVIDIA,P102-101,GP102,2018,PCIe 3.0 x4,1557 MHz,2002 MHz,10.0,GDDR5,320 bit,3200,200,80
19,NVIDIA,P104-101,GP104,"Jan 5th, 2018",PCIe 1.0 x4,1506 MHz,2002 MHz,4.0,GDDR5,256 bit,2560,160,64
20,NVIDIA,Quadro GV100,GV100,"Mar 27th, 2018",PCIe 3.0 x16,1132 MHz,848 MHz,32.0,HBM2,4096 bit,5120,320,128
21,NVIDIA,Quadro P3200 Max-Q,GP104,"Feb 21st, 2018",MXM-B (3.0),1139 MHz,1753 MHz,6.0,GDDR5,192 bit,1792,112,64
22,NVIDIA,Quadro P3200 Mobile,GP104,"Feb 21st, 2018",MXM-B (3.0),1328 MHz,1752 MHz,6.0,GDDR5,192 bit,1792,112,64
23,NVIDIA,Quadro P4200 Max-Q,GP104,"Feb 21st, 2018",MXM-B (3.0),1215 MHz,1753 MHz,8.0,GDDR5,256 bit,2304,144,64
24,NVIDIA,Quadro P4200 Mobile,GP104,"Feb 21st, 2018",MXM-B (3.0),1418 MHz,1753 MHz,8.0,GDDR5,256 bit,2304,144,64
25,NVIDIA,Quadro P500 Mobile,GP108,"Jan 5th, 2018",PCIe 3.0 x16,1455 MHz,1253 MHz,2.0,GDDR5,64 bit,256,16,16
26,NVIDIA,Quadro P5200 Max-Q,GP104,"Feb 21st, 2018",MXM-B (3.0),1316 MHz,1804 MHz,16.0,GDDR5,256 bit,2560,160,64
27,NVIDIA,Quadro P5200 Mobile,GP104,"Feb 21st, 2018",MXM-B (3.0),1582 MHz,1804 MHz,16.0,GDDR5,256 bit,2560,160,64
28,NVIDIA,Quadro P620,GP107,"Feb 1st, 2018",PCIe 3.0 x16,1266 MHz,1252 MHz,2.0,GDDR5,128 bit,512,32,16
29,NVIDIA,Quadro P620 Mobile,GP107,"Feb 1st, 2018",PCIe 3.0 x16,1177 MHz,1502 MHz,4.0,GDDR5,128 bit,512,32,16
30,NVIDIA,Quadro RTX 4000,TU104,"Nov 13th, 2018",PCIe 3.0 x16,1005 MHz,1625 MHz,8.0,GDDR6,256 bit,2304,144,64
31,NVIDIA,Quadro RTX 5000,TU104,"Aug 13th, 2018",PCIe 3.0 x16,1620 MHz,1750 MHz,16.0,GDDR6,256 bit,3072,192,64
32,NVIDIA,Quadro RTX 6000,TU102,"Aug 13th, 2018",PCIe 3.0 x16,1440 MHz,1750 MHz,24.0,GDDR6,384 bit,4608,288,96
33,NVIDIA,Quadro RTX 6000 Passive,TU102,"Aug 13th, 2018",PCIe 3.0 x16,1305 MHz,1750 MHz,24.0,GDDR6,384 bit,4608,288,96
34,NVIDIA,Quadro RTX 8000,TU102,"Aug 13th, 2018",PCIe 3.0 x16,1395 MHz,1750 MHz,48.0,GDDR6,384 bit,4608,288,96
35,NVIDIA,Quadro RTX 8000 Passive,TU102,"Aug 13th, 2018",PCIe 3.0 x16,1230 MHz,1625 MHz,48.0,GDDR6,384 bit,4608,288,96
36,NVIDIA,TITAN RTX,TU102,"Dec 18th, 2018",PCIe 3.0 x16,1350 MHz,1750 MHz,24.0,GDDR6,384 bit,4608,288,96
37,NVIDIA,TITAN V CEO Edition,GV100,"Jun 21st, 2018",PCIe 3.0 x16,1200 MHz,848 MHz,32.0,HBM2,4096 bit,5120,320,128
38,NVIDIA,Tesla T4,TU104,"Sep 13th, 2018",PCIe 3.0 x16,585 MHz,1250 MHz,16.0,GDDR6,256 bit,2560,160,64
39,NVIDIA,Tesla T4G,TU104,"Sep 13th, 2018",PCIe 3.0 x16,585 MHz,1250 MHz,16.0,GDDR6,256 bit,2560,160,64
40,NVIDIA,Tesla V100 DGXS 16 GB,GV100,"Mar 27th, 2018",PCIe 3.0 x16,1354 MHz,876 MHz,16.0,HBM2,4096 bit,5120,320,128
41,NVIDIA,Tesla V100 DGXS 32 GB,GV100,"Mar 27th, 2018",PCIe 3.0 x16,1297 MHz,876 MHz,32.0,HBM2,4096 bit,5120,320,128
42,NVIDIA,Tesla V100 FHHL,GV100,"Mar 27th, 2018",PCIe 3.0 x16,937 MHz,808 MHz,16.0,HBM2,4096 bit,5120,320,128
43,NVIDIA,Tesla V100 PCIe 32 GB,GV100,"Mar 27th, 2018",PCIe 3.0 x16,1230 MHz,876 MHz,32.0,HBM2,4096 bit,5120,320,128
44,NVIDIA,Tesla V100 SXM2 32 GB,GV100,"Mar 27th, 2018",PCIe 3.0 x16,1290 MHz,877 MHz,32.0,HBM2,4096 bit,5120,320,128
45,NVIDIA,Tesla V100 SXM3 32 GB,GV100,"Mar 27th, 2018",PCIe 3.0 x16,1380 MHz,958 MHz,32.0,HBM2,4096 bit,5120,320,128
0,NVIDIA,GeForce GT 1030,GP108,"May 17th, 2017",PCIe 3.0 x4,1228 MHz,1502 MHz,2.0,GDDR5,64 bit,384,24,16
1,NVIDIA,GeForce GT 720 OEM,GK107,"Oct 29th, 2017",PCIe 3.0 x16,993 MHz,891 MHz,1.0,DDR3,128 bit,192,16,16
2,NVIDIA,GeForce GTX 1050 Mobile,GP107,"Jan 3rd, 2017",PCIe 3.0 x16,1354 MHz,1752 MHz,2.0,GDDR5,128 bit,640,40,16
3,NVIDIA,GeForce GTX 1050 Mobile,GP107,"Jan 3rd, 2017",PCIe 3.0 x16,1354 MHz,1752 MHz,2.0,GDDR5,128 bit,640,40,16
4,NVIDIA,GeForce GTX 1050 Ti Mobile,GP107,"Jan 3rd, 2017",PCIe 3.0 x16,1493 MHz,1752 MHz,4.0,GDDR5,128 bit,768,48,32
5,NVIDIA,GeForce GTX 1050 Ti Mobile,GP106,"Feb 1st, 2017",PCIe 3.0 x16,1493 MHz,1752 MHz,2.0,GDDR5,128 bit,768,48,32
6,NVIDIA,GeForce GTX 1060 5 GB,GP106,"Dec 26th, 2017",PCIe 3.0 x16,1506 MHz,2002 MHz,5.0,GDDR5,160 bit,1280,80,40
7,NVIDIA,GeForce GTX 1060 6 GB 9Gbps,GP106,"Apr 20th, 2017",PCIe 3.0 x16,1506 MHz,2257 MHz,6.0,GDDR5,192 bit,1280,80,48
8,NVIDIA,GeForce GTX 1060 Max-Q,GP106,"Jun 27th, 2017",PCIe 3.0 x16,1063 MHz,2002 MHz,6.0,GDDR5,192 bit,1280,80,48
9,NVIDIA,GeForce GTX 1070 Max-Q,GP104B,"Jun 27th, 2017",PCIe 3.0 x16,1215 MHz,2002 MHz,8.0,GDDR5,256 bit,2048,128,64
10,NVIDIA,GeForce GTX 1070 Ti,GP104,"Nov 2nd, 2017",PCIe 3.0 x16,1607 MHz,2002 MHz,8.0,GDDR5,256 bit,2432,152,64
11,NVIDIA,GeForce GTX 1080 11Gbps,GP104,"Apr 20th, 2017",PCIe 3.0 x16,1607 MHz,1376 MHz,8.0,GDDR5X,256 bit,2560,160,64
12,NVIDIA,GeForce GTX 1080 Max-Q,GP104B,"Jun 27th, 2017",PCIe 3.0 x16,1277 MHz,1251 MHz,8.0,GDDR5X,256 bit,2560,160,64
13,NVIDIA,GeForce GTX 1080 Ti,GP102,"Mar 10th, 2017",PCIe 3.0 x16,1481 MHz,1376 MHz,11.0,GDDR5X,352 bit,3584,224,88
14,NVIDIA,GeForce MX110,GM108S,"Nov 17th, 2017",PCIe 3.0 x4,978 MHz,1253 MHz,2.0,GDDR5,64 bit,384,24,8
15,NVIDIA,GeForce MX130,GM108S,"Nov 17th, 2017",PCIe 3.0 x4,1109 MHz,1253 MHz,2.0,GDDR5,64 bit,384,24,8
16,NVIDIA,GeForce MX150,GP108,"May 17th, 2017",PCIe 3.0 x4,1469 MHz,1502 MHz,2.0,GDDR5,64 bit,384,24,16
17,NVIDIA,GeForce MX150,GP108,"May 17th, 2017",PCIe 3.0 x4,937 MHz,1253 MHz,2.0,GDDR5,64 bit,384,24,16
18,NVIDIA,P104-100,GP104,"Dec 12th, 2017",PCIe 1.0 x4,1607 MHz,1251 MHz,4.0,GDDR5X,256 bit,1920,120,64
19,NVIDIA,P106-090,GP106,"Jul 31st, 2017",PCIe 3.0 x16,1354 MHz,2002 MHz,3.0,GDDR5,192 bit,768,48,48
20,NVIDIA,P106-100,GP106,"Jun 19th, 2017",PCIe 3.0 x16,1506 MHz,2002 MHz,6.0,GDDR5,192 bit,1280,80,48
21,NVIDIA,Quadro M1200 Mobile,GM107,"Jan 11th, 2017",MXM-A (3.0),991 MHz,1253 MHz,4.0,GDDR5,128 bit,640,40,16
22,NVIDIA,Quadro M2200 Mobile,GM206,"Jan 11th, 2017",MXM-A (3.0),695 MHz,1377 MHz,4.0,GDDR5,128 bit,1024,64,32
23,NVIDIA,Quadro M520 Mobile,GM108,"Jan 11th, 2017",MXM-A (3.0),965 MHz,1253 MHz,2.0,GDDR5,64 bit,384,16,8
24,NVIDIA,Quadro M620 Mobile,GM107,"Jan 11th, 2017",MXM-A (3.0),756 MHz,1253 MHz,2.0,GDDR5,128 bit,512,32,16
25,NVIDIA,Quadro P1000,GP107,"Feb 7th, 2017",PCIe 3.0 x16,1266 MHz,1253 MHz,4.0,GDDR5,128 bit,640,40,32
26,NVIDIA,Quadro P1000,GP107,"Feb 7th, 2017",PCIe 3.0 x16,1354 MHz,1502 MHz,4.0,GDDR5,128 bit,512,32,16
27,NVIDIA,Quadro P1000 Mobile,GP107,"Feb 7th, 2017",PCIe 3.0 x16,1493 MHz,1502 MHz,4.0,GDDR5,128 bit,512,32,16
28,NVIDIA,Quadro P2000,GP106,"Feb 6th, 2017",PCIe 3.0 x16,1076 MHz,1752 MHz,5.0,GDDR5,160 bit,1024,64,40
29,NVIDIA,Quadro P2000 Mobile,GP107,"Feb 6th, 2017",PCIe 3.0 x16,1557 MHz,1502 MHz,4.0,GDDR5,128 bit,768,48,32
30,NVIDIA,Quadro P3000 Mobile,GP104,"Jan 11th, 2017",MXM-B (3.0),1088 MHz,1752 MHz,6.0,GDDR5,192 bit,1280,80,48
31,NVIDIA,Quadro P400,GP107,"Feb 7th, 2017",PCIe 3.0 x16,1228 MHz,1002 MHz,2.0,GDDR5,64 bit,256,16,16
32,NVIDIA,Quadro P4000,GP104,"Feb 6th, 2017",PCIe 3.0 x16,1202 MHz,1901 MHz,8.0,GDDR5,256 bit,1792,112,64
33,NVIDIA,Quadro P4000 Max-Q,GP104,"Jan 11th, 2017",MXM-B (3.0),1114 MHz,1502 MHz,8.0,GDDR5,256 bit,1792,112,64
34,NVIDIA,Quadro P4000 Mobile,GP104,"Jan 11th, 2017",MXM-B (3.0),1202 MHz,1500 MHz,8.0,GDDR5,256 bit,1792,112,64
35,NVIDIA,Quadro P5000 Mobile,GP104,"Jan 11th, 2017",MXM-B (3.0),1164 MHz,1500 MHz,16.0,GDDR5,256 bit,2048,128,64
36,NVIDIA,Quadro P5000 X2 Mobile,GP104,"Jan 11th, 2017",MXM-B (3.0),1164 MHz,1500 MHz,16.0,GDDR5,256 bit,2048,128,64
37,NVIDIA,Quadro P600,GP107,"Feb 7th, 2017",PCIe 3.0 x16,1329 MHz,1002 MHz,2.0,GDDR5,128 bit,384,24,16
38,NVIDIA,Quadro P600 Mobile,GP107,"Feb 7th, 2017",PCIe 3.0 x16,1430 MHz,1252 MHz,4.0,GDDR5,128 bit,384,24,16
39,NVIDIA,Switch GPU 20nm,GM20B,"Mar 17th, 2017",IGP,384 MHz,1600 MHz,4.0,DDR4,64 bit,256,16,16
40,NVIDIA,TITAN V,GV100,"Dec 7th, 2017",PCIe 3.0 x16,1200 MHz,848 MHz,12.0,HBM2,3072 bit,5120,320,96
41,NVIDIA,TITAN Xp,GP102,"Apr 6th, 2017",PCIe 3.0 x16,1405 MHz,1426 MHz,12.0,GDDR5X,384 bit,3840,240,96
42,NVIDIA,Tesla P6 Mobile,GP104,"Mar 24th, 2017",MXM-B (3.0),1012 MHz,1502 MHz,16.0,GDDR5,256 bit,2048,128,64
43,NVIDIA,Tesla V100 PCIe 16 GB,GV100,"Jun 21st, 2017",PCIe 3.0 x16,1245 MHz,876 MHz,16.0,HBM2,4096 bit,5120,320,128
44,NVIDIA,Tesla V100 SXM2 16 GB,GV100,"Jun 21st, 2017",PCIe 3.0 x16,1312 MHz,876 MHz,16.0,HBM2,4096 bit,5120,320,128
0,NVIDIA,GRID M10-8Q,GM107,"May 18th, 2016",PCIe 3.0 x16,1033 MHz,1300 MHz,8.0,GDDR5,128 bit,640,40,16
1,NVIDIA,GRID M3-3020,GM107,"May 18th, 2016",PCIe 3.0 x16,1033 MHz,1300 MHz,4.0,GDDR5,128 bit,640,40,16
2,NVIDIA,GRID M40,GM107,"May 18th, 2016",PCIe 3.0 x16,1033 MHz,1300 MHz,8.0,GDDR5,128 bit,384,32,16
3,NVIDIA,GeForce 920MX,GM108S,"Mar 25th, 2016",PCIe 3.0 x8,965 MHz,900 MHz,2.0,DDR3,64 bit,256,24,8
4,NVIDIA,GeForce 930MX,GM108S,"Mar 1st, 2016",PCIe 3.0 x8,952 MHz,900 MHz,2.0,DDR3,64 bit,384,24,8
5,NVIDIA,GeForce 940MX,GM108S,2016,PCIe 3.0 x8,1004 MHz,1001 MHz,2.0,DDR3,64 bit,384,24,8
6,NVIDIA,GeForce 940MX,GM107,"Jun 28th, 2016",PCIe 3.0 x8,795 MHz,1253 MHz,2.0,GDDR5,64 bit,512,32,8
7,NVIDIA,GeForce 940MX,GM108,2016,PCIe 3.0 x8,954 MHz,1253 MHz,1.0,GDDR5,64 bit,384,24,8
8,NVIDIA,GeForce 945M,GM108,"Apr 8th, 2016",PCIe 3.0 x8,1006 MHz,1001 MHz,1.0,DDR3,64 bit,384,24,8
9,NVIDIA,GeForce GT 610 OEM,GF108,"Apr 2nd, 2016",PCIe 2.0 x16,701 MHz,500 MHz,2.0,DDR3,64 bit,48,8,2
10,NVIDIA,GeForce GT 710,GF119S,"Jan 26th, 2016",PCIe 2.0 x16,810 MHz,898 MHz,1.0,DDR3,64 bit,48,8,4
11,NVIDIA,GeForce GTX 1050,GP107,"Oct 25th, 2016",PCIe 3.0 x16,1354 MHz,1752 MHz,2.0,GDDR5,128 bit,640,40,32
12,NVIDIA,GeForce GTX 1050 Ti,GP107,"Oct 25th, 2016",PCIe 3.0 x16,1291 MHz,1752 MHz,4.0,GDDR5,128 bit,768,48,32
13,NVIDIA,GeForce GTX 1060 3 GB,GP106,"Aug 18th, 2016",PCIe 3.0 x16,1506 MHz,2002 MHz,3.0,GDDR5,192 bit,1152,72,48
14,NVIDIA,GeForce GTX 1060 3 GB GP104,GP104,"Dec 25th, 2016",PCIe 3.0 x16,1506 MHz,2002 MHz,3.0,GDDR5,192 bit,1152,72,48
15,NVIDIA,GeForce GTX 1060 6 GB,GP106,"Jul 19th, 2016",PCIe 3.0 x16,1506 MHz,2002 MHz,6.0,GDDR5,192 bit,1280,80,48
16,NVIDIA,GeForce GTX 1060 Mobile,GP106,"Aug 15th, 2016",PCIe 3.0 x16,1405 MHz,2002 MHz,6.0,GDDR5,192 bit,1280,80,48
17,NVIDIA,GeForce GTX 1070,GP104,"Jun 10th, 2016",PCIe 3.0 x16,1506 MHz,2002 MHz,8.0,GDDR5,256 bit,1920,120,64
18,NVIDIA,GeForce GTX 1070 Mobile,GP104B,"Aug 15th, 2016",PCIe 3.0 x16,1443 MHz,2002 MHz,8.0,GDDR5,256 bit,2048,128,64
19,NVIDIA,GeForce GTX 1080,GP104,"May 27th, 2016",PCIe 3.0 x16,1607 MHz,1251 MHz,8.0,GDDR5X,256 bit,2560,160,64
20,NVIDIA,GeForce GTX 1080 Mobile,GP104B,"Aug 15th, 2016",PCIe 3.0 x16,1557 MHz,1251 MHz,8.0,GDDR5X,256 bit,2560,160,64
21,NVIDIA,GeForce GTX 760 OEM,GK104,"Nov 6th, 2016",PCIe 3.0 x16,993 MHz,1650 MHz,2.0,GDDR5,256 bit,1344,112,32
22,NVIDIA,GeForce GTX 950 Low Power,GM206,"Mar 1st, 2016",PCIe 3.0 x16,1026 MHz,1653 MHz,2.0,GDDR5,128 bit,768,48,32
23,NVIDIA,GeForce GTX 950 OEM,GM206S,2016,PCIe 3.0 x16,937 MHz,1253 MHz,4.0,GDDR5,128 bit,1024,64,32
24,NVIDIA,GeForce GTX 965M,GM206S,2016,MXM-B (3.0),935 MHz,1253 MHz,2.0,GDDR5,128 bit,1024,64,32
25,NVIDIA,GeForce GTX 980MX,GM204,"Jun 1st, 2016",PCIe 3.0 x16,1050 MHz,1500 MHz,8.0,GDDR5,256 bit,1664,104,64
26,NVIDIA,Jetson TX2,GP10B,2016,PCIe 2.0 x4,1300 MHz,1866 MHz,8.0,LPDDR4,128 bit,256,16,16
27,NVIDIA,Quadro GP100,GP100,"Oct 1st, 2016",PCIe 3.0 x16,1304 MHz,715 MHz,16.0,HBM2,4096 bit,3584,224,96
28,NVIDIA,Quadro M2000,GM206,"Apr 8th, 2016",PCIe 3.0 x16,796 MHz,1653 MHz,4.0,GDDR5,128 bit,768,48,32
29,NVIDIA,Quadro M3000 SE,GM204,"Oct 2nd, 2016",PCIe 3.0 x16,823 MHz,1253 MHz,4.0,GDDR5,256 bit,1024,64,32
30,NVIDIA,Quadro M500M,GM108S,"Apr 27th, 2016",MXM-A (3.0),1029 MHz,900 MHz,2.0,DDR3,64 bit,384,16,8
31,NVIDIA,Quadro M5500 Mobile,GM204,"Apr 8th, 2016",MXM-B (3.0),1140 MHz,1753 MHz,8.0,GDDR5,256 bit,2048,128,64
32,NVIDIA,Quadro M6000 24 GB,GM200,"Mar 5th, 2016",PCIe 3.0 x16,988 MHz,1653 MHz,24.0,GDDR5,384 bit,3072,192,96
33,NVIDIA,Quadro P5000,GP104,"Oct 1st, 2016",PCIe 3.0 x16,1607 MHz,1127 MHz,16.0,GDDR5X,256 bit,2560,160,64
34,NVIDIA,Quadro P6000,GP102,"Oct 1st, 2016",PCIe 3.0 x16,1506 MHz,1127 MHz,24.0,GDDR5X,384 bit,3840,240,96
35,NVIDIA,TITAN X Pascal,GP102,"Aug 2nd, 2016",PCIe 3.0 x16,1417 MHz,1251 MHz,12.0,GDDR5X,384 bit,3584,224,96
36,NVIDIA,Tesla M10,GM107,"May 18th, 2016",PCIe 3.0 x16,1033 MHz,1300 MHz,8.0,GDDR5,128 bit,640,40,16
37,NVIDIA,Tesla P10,GP102,"Sep 13th, 2016",PCIe 3.0 x16,1025 MHz,1808 MHz,24.0,GDDR5X,384 bit,3840,240,96
38,NVIDIA,Tesla P100 DGXS,GP100,"Apr 5th, 2016",PCIe 3.0 x16,1328 MHz,715 MHz,16.0,HBM2,4096 bit,3584,224,96
39,NVIDIA,Tesla P100 PCIe 12 GB,GP100,"Jun 20th, 2016",PCIe 3.0 x16,1190 MHz,715 MHz,12.0,HBM2,3072 bit,3584,224,96
40,NVIDIA,Tesla P100 PCIe 16 GB,GP100,"Jun 20th, 2016",PCIe 3.0 x16,1190 MHz,715 MHz,16.0,HBM2,4096 bit,3584,224,96
41,NVIDIA,Tesla P100 SXM2,GP100,"Apr 5th, 2016",PCIe 3.0 x16,1328 MHz,715 MHz,16.0,HBM2,4096 bit,3584,224,96
42,NVIDIA,Tesla P4,GP104,"Sep 13th, 2016",PCIe 3.0 x16,886 MHz,1502 MHz,8.0,GDDR5,256 bit,2560,160,64
43,NVIDIA,Tesla P40,GP102,"Sep 13th, 2016",PCIe 3.0 x16,1303 MHz,1808 MHz,24.0,GDDR5X,384 bit,3840,240,96
0,NVIDIA,GRID M6-8Q,GM204,"Aug 30th, 2015",PCIe 3.0 x16,722 MHz,1253 MHz,8.0,GDDR5,256 bit,1536,96,64
1,NVIDIA,GRID M60-1Q,GM204,"Aug 30th, 2015",PCIe 3.0 x16,557 MHz,1253 MHz,1.0,GDDR5,256 bit,2048,128,64
2,NVIDIA,GRID M60-2Q,GM204,"Aug 30th, 2015",PCIe 3.0 x16,557 MHz,1253 MHz,2.0,GDDR5,256 bit,2048,128,64
3,NVIDIA,GRID M60-4A,GM204,"Aug 30th, 2015",PCIe 3.0 x16,557 MHz,1253 MHz,4.0,GDDR5,256 bit,2048,128,64
4,NVIDIA,GRID M60-8Q,GM204,"Aug 30th, 2015",PCIe 3.0 x16,557 MHz,1253 MHz,8.0,GDDR5,256 bit,2048,128,64
5,NVIDIA,GeForce 810M,GK107,"Mar 21st, 2015",PCIe 3.0 x16,835 MHz,900 MHz,2.0,DDR3,64 bit,384,32,16
6,NVIDIA,GeForce 820M,GK107,"Mar 21st, 2015",PCIe 3.0 x16,810 MHz,901 MHz,2.0,DDR3,128 bit,384,32,16
7,NVIDIA,GeForce 845M,GM108,"Aug 26th, 2015",PCIe 3.0 x8,1071 MHz,1253 MHz,2.0,GDDR5,64 bit,384,32,16
8,NVIDIA,GeForce 845M,GM107,"Feb 7th, 2015",PCIe 3.0 x16,863 MHz,1001 MHz,2.0,DDR3,64 bit,512,32,16
9,NVIDIA,GeForce 910M,GK208B,"Mar 13th, 2015",PCIe 3.0 x8,641 MHz,1001 MHz,2.0,DDR3,64 bit,384,32,8
10,NVIDIA,GeForce 920A,GK208B,"Mar 13th, 2015",PCIe 3.0 x8,954 MHz,1001 MHz,1.0,DDR3,64 bit,384,32,8
11,NVIDIA,GeForce 920M,GK208B,"Mar 13th, 2015",PCIe 3.0 x8,954 MHz,900 MHz,2.0,DDR3,64 bit,384,32,8
12,NVIDIA,GeForce 930A,GM108,"Mar 13th, 2015",PCIe 3.0 x8,928 MHz,1001 MHz,2.0,DDR3,64 bit,384,24,8
13,NVIDIA,GeForce 930M,GM108S,"Mar 13th, 2015",PCIe 3.0 x8,928 MHz,900 MHz,2.0,DDR3,64 bit,384,24,8
14,NVIDIA,GeForce 930M,GM108S,"Mar 13th, 2015",PCIe 3.0 x8,549 MHz,800 MHz,2.0,DDR3,64 bit,384,24,8
15,NVIDIA,GeForce 940A,GM108S,"Mar 13th, 2015",PCIe 3.0 x8,1072 MHz,1001 MHz,2.0,DDR3,64 bit,384,16,8
16,NVIDIA,GeForce 940A,GM108,"Mar 13th, 2015",PCIe 3.0 x8,1029 MHz,1001 MHz,1.0,DDR3,64 bit,384,16,8
17,NVIDIA,GeForce 940M,GM107,"Mar 13th, 2015",MXM-B (3.0),1020 MHz,900 MHz,2.0,DDR3,64 bit,512,32,16
18,NVIDIA,GeForce 940M,GM108S,"Mar 13th, 2015",PCIe 3.0 x8,1072 MHz,900 MHz,2.0,DDR3,64 bit,384,24,8
19,NVIDIA,GeForce 945A,GM108,"Mar 13th, 2015",PCIe 3.0 x8,1006 MHz,1253 MHz,1.0,GDDR5,64 bit,384,24,8
20,NVIDIA,GeForce 945M,GM107,"Oct 27th, 2015",MXM-B (3.0),928 MHz,900 MHz,2.0,DDR3,128 bit,640,40,16
21,NVIDIA,GeForce GT 710 OEM,GK208B,"Apr 9th, 2015",PCIe 2.0 x8,797 MHz,900 MHz,1.0,DDR3,64 bit,192,16,8
22,NVIDIA,GeForce GT 730 OEM,GK107,"Apr 9th, 2015",PCIe 3.0 x16,902 MHz,1253 MHz,1.0,GDDR5,64 bit,384,32,8
23,NVIDIA,GeForce GT 740 OEM,GK106S,"Apr 14th, 2015",PCIe 3.0 x16,1006 MHz,1253 MHz,1.0,GDDR5,128 bit,384,32,16
24,NVIDIA,GeForce GT 740 OEM,GK106S,"Apr 14th, 2015",PCIe 3.0 x16,980 MHz,1253 MHz,1.0,GDDR5,128 bit,384,32,16
25,NVIDIA,GeForce GTX 750 GM206,GM206,"Nov 17th, 2015",PCIe 3.0 x16,1087 MHz,1253 MHz,2.0,GDDR5,128 bit,512,32,32
26,NVIDIA,GeForce GTX 860M OEM,GM107,"Feb 5th, 2015",MXM-B (3.0),1097 MHz,1253 MHz,2.0,GDDR5,128 bit,640,40,16
27,NVIDIA,GeForce GTX 950,GM206,"Aug 20th, 2015",PCIe 3.0 x16,1024 MHz,1653 MHz,2.0,GDDR5,128 bit,768,48,32
28,NVIDIA,GeForce GTX 950A,GM107,"Mar 13th, 2015",MXM-B (3.0),993 MHz,1001 MHz,2.0,DDR3,128 bit,640,40,16
29,NVIDIA,GeForce GTX 950M,GM107,"Mar 13th, 2015",PCIe 3.0 x8,993 MHz,900 MHz,4.0,DDR3,128 bit,640,40,16
30,NVIDIA,GeForce GTX 950M Mac Edition,GM107,"Mar 13th, 2015",MXM-B (3.0),993 MHz,900 MHz,2.0,DDR3,128 bit,640,40,16
31,NVIDIA,GeForce GTX 960,GM206,"Jan 22nd, 2015",PCIe 3.0 x16,1127 MHz,1753 MHz,2.0,GDDR5,128 bit,1024,64,32
32,NVIDIA,GeForce GTX 960 OEM,GM206,"Nov 26th, 2015",PCIe 3.0 x16,1176 MHz,1753 MHz,4.0,GDDR5,128 bit,1024,64,32
33,NVIDIA,GeForce GTX 960 OEM,GM204,"Nov 26th, 2015",PCIe 3.0 x16,924 MHz,1253 MHz,3.0,GDDR5,192 bit,1280,80,48
34,NVIDIA,GeForce GTX 960A,GM107,"Mar 13th, 2015",MXM-B (3.0),1097 MHz,1253 MHz,2.0,GDDR5,128 bit,640,40,16
35,NVIDIA,GeForce GTX 960M,GM107,"Mar 13th, 2015",MXM-B (3.0),1097 MHz,1253 MHz,4.0,GDDR5,128 bit,640,40,16
36,NVIDIA,GeForce GTX 965M,GM204,"Jan 9th, 2015",MXM-B (3.0),924 MHz,1253 MHz,2.0,GDDR5,128 bit,1024,64,32
37,NVIDIA,GeForce GTX 965M,GM204,"Jan 9th, 2015",MXM-B (3.0),924 MHz,1253 MHz,2.0,GDDR5,128 bit,1024,64,32
38,NVIDIA,GeForce GTX 965M 4 GB,GM204,"Jan 9th, 2015",MXM-B (3.0),935 MHz,1253 MHz,4.0,GDDR5,128 bit,1024,64,32
39,NVIDIA,GeForce GTX 980 Mobile,GM204,"Sep 21st, 2015",MXM-B (3.0),1064 MHz,1753 MHz,8.0,GDDR5,256 bit,2048,128,64
40,NVIDIA,GeForce GTX 980 Ti,GM200,"Jun 2nd, 2015",PCIe 3.0 x16,1000 MHz,1753 MHz,6.0,GDDR5,384 bit,2816,176,96
41,NVIDIA,GeForce GTX TITAN X,GM200,"Mar 17th, 2015",PCIe 3.0 x16,1000 MHz,1753 MHz,12.0,GDDR5,384 bit,3072,192,96
42,NVIDIA,Jetson TX1,GM20B,"Jan 4th, 2015",PCIe 2.0 x4,998 MHz,600 MHz,4.0,LPDDR4,64 bit,256,16,16
43,NVIDIA,NVS 810,GM107,"Nov 4th, 2015",PCIe 3.0 x16,902 MHz,900 MHz,2.0,DDR3,64 bit,512,32,16
44,NVIDIA,Quadro K1200,GM107,"Jan 28th, 2015",PCIe 2.0 x16,1058 MHz,1250 MHz,4.0,GDDR5,128 bit,512,32,16
45,NVIDIA,Quadro K620M,GM108S,"Mar 1st, 2015",MXM-A (3.0),1029 MHz,1001 MHz,2.0,DDR3,64 bit,384,16,8
46,NVIDIA,Quadro M1000M,GM107,"Aug 18th, 2015",MXM-A (3.0),993 MHz,1253 MHz,2.0,GDDR5,128 bit,512,32,16
47,NVIDIA,Quadro M2000M,GM107,"Dec 3rd, 2015",MXM-A (3.0),1098 MHz,1253 MHz,4.0,GDDR5,128 bit,640,40,16
48,NVIDIA,Quadro M3000M,GM204,"Aug 18th, 2015",PCIe 3.0 x16,823 MHz,1253 MHz,4.0,GDDR5,256 bit,1024,64,32
49,NVIDIA,Quadro M4000,GM204,"Jun 29th, 2015",PCIe 3.0 x16,773 MHz,1502 MHz,8.0,GDDR5,256 bit,1664,104,64
50,NVIDIA,Quadro M4000M,GM204,"Aug 18th, 2015",PCIe 3.0 x16,975 MHz,1253 MHz,4.0,GDDR5,256 bit,1280,80,64
51,NVIDIA,Quadro M5000,GM204,"Jun 29th, 2015",PCIe 3.0 x16,861 MHz,1653 MHz,8.0,GDDR5,256 bit,2048,128,64
52,NVIDIA,Quadro M5000M,GM204,"Aug 18th, 2015",MXM-B (3.0),962 MHz,1253 MHz,8.0,GDDR5,256 bit,1536,96,64
53,NVIDIA,Quadro M6000,GM200,"Mar 21st, 2015",PCIe 3.0 x16,988 MHz,1653 MHz,12.0,GDDR5,384 bit,3072,192,96
54,NVIDIA,Quadro M600M,GM107,"Aug 18th, 2015",MXM-A (3.0),837 MHz,1253 MHz,2.0,GDDR5,128 bit,384,16,8
55,NVIDIA,Tesla M4,GM206,"Nov 10th, 2015",PCIe 3.0 x16,872 MHz,1375 MHz,4.0,GDDR5,128 bit,1024,64,32
56,NVIDIA,Tesla M40,GM200,"Nov 10th, 2015",PCIe 3.0 x16,948 MHz,1502 MHz,12.0,GDDR5,384 bit,3072,192,96
57,NVIDIA,Tesla M40 24 GB,GM200,"Nov 10th, 2015",PCIe 3.0 x16,948 MHz,1502 MHz,24.0,GDDR5,384 bit,3072,192,96
58,NVIDIA,Tesla M6 Mobile,GM204,"Aug 30th, 2015",PCIe 3.0 x16,930 MHz,1253 MHz,8.0,GDDR5,256 bit,1536,96,64
59,NVIDIA,Tesla M6 X2 Mobile,GM204,"Aug 30th, 2015",PCIe 3.0 x16,930 MHz,1253 MHz,8.0,GDDR5,256 bit,1536,96,64
60,NVIDIA,Tesla M60,GM204,"Aug 30th, 2015",PCIe 3.0 x16,557 MHz,1253 MHz,8.0,GDDR5,256 bit,2048,128,64
0,NVIDIA,GRID K120Q,GK107,"Jul 2nd, 2014",PCIe 3.0 x16,850 MHz,891 MHz,0.5,DDR3,128 bit,192,16,16
1,NVIDIA,GRID K220Q,GK104,"Jul 2nd, 2014",PCIe 3.0 x16,745 MHz,1250 MHz,0.5,GDDR5,256 bit,1536,128,32
2,NVIDIA,GRID K500,GK104,"Jul 2nd, 2014",PCIe 3.0 x16,745 MHz,1250 MHz,4.0,GDDR5,256 bit,1536,128,32
3,NVIDIA,GRID K520Q,GK104,"Jul 2nd, 2014",PCIe 3.0 x16,745 MHz,1250 MHz,4.0,GDDR5,256 bit,1536,128,32
4,NVIDIA,GRID K540Q,GK104,"Jul 2nd, 2014",PCIe 3.0 x16,745 MHz,1250 MHz,4.0,GDDR5,256 bit,1536,128,32
5,NVIDIA,GRID K560Q,GK104,"Jul 2nd, 2014",PCIe 3.0 x16,745 MHz,1250 MHz,4.0,GDDR5,256 bit,1536,128,32
6,NVIDIA,GeForce 705A,GF119S,"Jul 1st, 2014",PCIe 2.0 x16,475 MHz,900 MHz,1.0,DDR3,64 bit,48,8,4
7,NVIDIA,GeForce 710A,GK208,"Mar 17th, 2014",PCIe 3.0 x8,719 MHz,1001 MHz,1.0,DDR3,64 bit,192,16,8
8,NVIDIA,GeForce 720A,GF117,"Jul 1st, 2014",PCIe 2.0 x16,775 MHz,1001 MHz,1.0,DDR3,64 bit,96,16,8
9,NVIDIA,GeForce 800A,GF119S,"Mar 17th, 2014",PCIe 2.0 x16,475 MHz,900 MHz,1.0,DDR3,64 bit,48,8,4
10,NVIDIA,GeForce 800A,GF119S,"Mar 17th, 2014",PCIe 2.0 x16,475 MHz,900 MHz,1.0,DDR3,64 bit,48,8,4
11,NVIDIA,GeForce 800M,GF117,"Mar 17th, 2014",PCIe 2.0 x16,738 MHz,900 MHz,1.0,DDR3,64 bit,48,8,8
12,NVIDIA,GeForce 805A,GK208,"Jul 22nd, 2014",PCIe 3.0 x8,719 MHz,1001 MHz,1.0,DDR3,64 bit,192,16,8
13,NVIDIA,GeForce 810A,GK208,"Jul 22nd, 2014",PCIe 3.0 x8,719 MHz,900 MHz,1.0,DDR3,64 bit,192,16,8
14,NVIDIA,GeForce 810M,GF117,"Mar 24th, 2014",PCIe 2.0 x16,738 MHz,900 MHz,1.0,DDR3,64 bit,48,8,8
15,NVIDIA,GeForce 820A,GF117,"Mar 17th, 2014",PCIe 2.0 x16,625 MHz,1001 MHz,1.0,DDR3,64 bit,96,16,8
16,NVIDIA,GeForce 825M,GK208,"Jan 27th, 2014",PCIe 3.0 x8,850 MHz,900 MHz,1.0,DDR3,64 bit,384,32,8
17,NVIDIA,GeForce 830A,GM108,"Jul 22nd, 2014",PCIe 3.0 x8,1082 MHz,1001 MHz,2.0,DDR3,64 bit,256,16,8
18,NVIDIA,GeForce 830M,GM108,"Mar 12th, 2014",PCIe 3.0 x8,1082 MHz,900 MHz,2.0,DDR3,64 bit,256,16,8
19,NVIDIA,GeForce 840A,GM108,"Mar 17th, 2014",PCIe 3.0 x8,1029 MHz,1001 MHz,2.0,DDR3,64 bit,384,16,8
20,NVIDIA,GeForce 840M,GM108S,"Mar 12th, 2014",PCIe 3.0 x8,1029 MHz,1001 MHz,2.0,DDR3,64 bit,384,16,8
21,NVIDIA,GeForce GT 705 OEM,GF119S,"Mar 27th, 2014",PCIe 2.0 x16,874 MHz,825 MHz,1.0,DDR3,64 bit,48,8,4
22,NVIDIA,GeForce GT 710,GK208B,"Mar 27th, 2014",PCIe 2.0 x8,954 MHz,900 MHz,2.0,DDR3,64 bit,192,16,8
23,NVIDIA,GeForce GT 710,GK208,"Mar 27th, 2014",PCIe 2.0 x8,954 MHz,900 MHz,2.0,DDR3,64 bit,192,16,8
24,NVIDIA,GeForce GT 710 PCIe x1,GK208B,"Mar 27th, 2014",PCIe 2.0 x1,954 MHz,800 MHz,1.0,DDR3,64 bit,192,16,8
25,NVIDIA,GeForce GT 720,GK208B,"Sep 29th, 2014",PCIe 2.0 x8,797 MHz,800 MHz,1.0,DDR3,64 bit,192,16,8
26,NVIDIA,GeForce GT 720,GK208,"Mar 27th, 2014",PCIe 2.0 x8,967 MHz,900 MHz,2.0,DDR3,64 bit,384,32,8
27,NVIDIA,GeForce GT 720A,GF117,"Jul 1st, 2014",PCIe 2.0 x16,775 MHz,1001 MHz,1.0,DDR3,64 bit,96,16,8
28,NVIDIA,GeForce GT 730,GF108,"Jun 18th, 2014",PCIe 2.0 x16,700 MHz,900 MHz,1.0,DDR3,128 bit,96,16,4
29,NVIDIA,GeForce GT 730,GK208B,"Jun 18th, 2014",PCIe 2.0 x8,902 MHz,1253 MHz,1.0,GDDR5,64 bit,384,32,8
30,NVIDIA,GeForce GT 730,GF108,"Jun 18th, 2014",PCIe 2.0 x16,700 MHz,800 MHz,2.0,DDR3,128 bit,96,16,4
31,NVIDIA,GeForce GT 730A,GK208,"Jul 1st, 2014",PCIe 3.0 x8,719 MHz,1001 MHz,1.0,DDR3,64 bit,384,32,8
32,NVIDIA,GeForce GT 730M,GK208,"Mar 6th, 2014",PCIe 2.0 x8,719 MHz,900 MHz,2.0,DDR3,64 bit,384,32,8
33,NVIDIA,GeForce GT 740,GK107,"May 29th, 2014",PCIe 3.0 x16,993 MHz,1253 MHz,1.0,GDDR5,128 bit,384,32,16
34,NVIDIA,GeForce GTX 660 Rev. 2,GK104,"Sep 13th, 2014",PCIe 3.0 x16,980 MHz,1502 MHz,2.0,GDDR5,192 bit,960,80,24
35,NVIDIA,GeForce GTX 745 OEM,GM107,"Feb 18th, 2014",PCIe 3.0 x16,1033 MHz,900 MHz,4.0,DDR3,128 bit,384,24,16
36,NVIDIA,GeForce GTX 750,GM107,"Feb 18th, 2014",PCIe 3.0 x16,1020 MHz,1253 MHz,1.0,GDDR5,128 bit,512,32,16
37,NVIDIA,GeForce GTX 750 Ti,GM107,"Feb 18th, 2014",PCIe 3.0 x16,1020 MHz,1350 MHz,2.0,GDDR5,128 bit,640,40,16
38,NVIDIA,GeForce GTX 750 Ti OEM,GK106,Unknown,PCIe 3.0 x16,1033 MHz,1502 MHz,2.0,GDDR5,256 bit,960,80,24
39,NVIDIA,GeForce GTX 760A,GK106,"Mar 17th, 2014",PCIe 3.0 x16,628 MHz,1002 MHz,1.0,GDDR5,128 bit,768,64,16
40,NVIDIA,GeForce GTX 850A,GM107,"Mar 17th, 2014",PCIe 3.0 x16,902 MHz,900 MHz,2.0,DDR3,128 bit,640,40,16
41,NVIDIA,GeForce GTX 850M,GM107,"Mar 12th, 2014",PCIe 3.0 x16,902 MHz,1001 MHz,2.0,DDR3,128 bit,640,40,16
42,NVIDIA,GeForce GTX 860M,GM107,"Jan 13th, 2014",MXM-B (3.0),1020 MHz,1253 MHz,2.0,GDDR5,128 bit,640,40,16
43,NVIDIA,GeForce GTX 860M,GK104,"Mar 10th, 2014",PCIe 3.0 x16,797 MHz,1250 MHz,2.0,GDDR5,128 bit,1152,96,16
44,NVIDIA,GeForce GTX 870M,GK104,"Mar 12th, 2014",MXM-B (3.0),941 MHz,1250 MHz,3.0,GDDR5,192 bit,1344,112,24
45,NVIDIA,GeForce GTX 880M,GK104,"Mar 12th, 2014",MXM-B (3.0),954 MHz,1250 MHz,8.0,GDDR5,256 bit,1536,128,32
46,NVIDIA,GeForce GTX 970,GM204,"Sep 19th, 2014",PCIe 3.0 x16,1050 MHz,1753 MHz,4.0,GDDR5,256 bit,1664,104,56
47,NVIDIA,GeForce GTX 970M,GM204,"Oct 7th, 2014",MXM-B (3.0),924 MHz,1253 MHz,3.0,GDDR5,192 bit,1280,80,48
48,NVIDIA,GeForce GTX 970M,GM204,"Oct 7th, 2014",MXM-B (3.0),924 MHz,1253 MHz,6.0,GDDR5,192 bit,1280,80,48
49,NVIDIA,GeForce GTX 980,GM204,"Sep 19th, 2014",PCIe 3.0 x16,1127 MHz,1753 MHz,4.0,GDDR5,256 bit,2048,128,64
50,NVIDIA,GeForce GTX 980M,GM204,"Oct 7th, 2014",MXM-B (3.0),1038 MHz,1253 MHz,8.0,GDDR5,256 bit,1536,96,64
51,NVIDIA,GeForce GTX 980M,GM204,"Oct 7th, 2014",MXM-B (3.0),1038 MHz,1253 MHz,8.0,GDDR5,256 bit,1536,96,64
52,NVIDIA,GeForce GTX TITAN BLACK,GK110B,"Feb 18th, 2014",PCIe 3.0 x16,889 MHz,1750 MHz,6.0,GDDR5,384 bit,2880,240,48
53,NVIDIA,GeForce GTX TITAN Z,GK110B,"May 28th, 2014",PCIe 3.0 x16,705 MHz,1750 MHz,6.0,GDDR5,384 bit,2880,240,48
54,NVIDIA,Jetson TK1,GK20A,"Oct 15th, 2014",PCIe 1.0 x1,756 MHz,467 MHz,2.0,DDR3L,64 bit,192,8,4
55,NVIDIA,Quadro K100M,GK107,"Aug 22nd, 2014",MXM-A (3.0),851 MHz,900 MHz,2.0,DDR3,64 bit,192,16,8
56,NVIDIA,Quadro K200M,GK107,"Aug 22nd, 2014",MXM-A (3.0),745 MHz,900 MHz,2.0,DDR3,64 bit,192,16,8
57,NVIDIA,Quadro K2200,GM107,"Jul 22nd, 2014",PCIe 2.0 x16,1046 MHz,1253 MHz,4.0,GDDR5,128 bit,640,40,16
58,NVIDIA,Quadro K2200M,GM107,"Jul 19th, 2014",MXM-A (3.0),1150 MHz,1253 MHz,2.0,GDDR5,128 bit,640,40,16
59,NVIDIA,Quadro K420,GK107,"Jul 22nd, 2014",PCIe 2.0 x16,876 MHz,891 MHz,1.0,DDR3,128 bit,192,16,16
60,NVIDIA,Quadro K4200,GK104,"Jul 22nd, 2014",PCIe 2.0 x16,771 MHz,1350 MHz,4.0,GDDR5,256 bit,1344,112,32
61,NVIDIA,Quadro K5200,GK110B,"Jul 22nd, 2014",PCIe 3.0 x16,667 MHz,1502 MHz,8.0,GDDR5,256 bit,2304,192,48
62,NVIDIA,Quadro K620,GM107,"Jul 22nd, 2014",PCIe 2.0 x16,1058 MHz,900 MHz,2.0,DDR3,128 bit,384,24,16
63,NVIDIA,Tesla K8,GK104,"Sep 16th, 2014",PCIe 2.0 x16,693 MHz,1250 MHz,8.0,GDDR5,256 bit,1536,128,32
64,NVIDIA,Tesla K80,GK210,"Nov 17th, 2014",PCIe 3.0 x16,562 MHz,1253 MHz,12.0,GDDR5,384 bit,2496,208,48
0,NVIDIA,GRID K1,GK107,"Mar 18th, 2013",PCIe 3.0 x16,850 MHz,891 MHz,4.0,DDR3,128 bit,192,16,16
1,NVIDIA,GRID K100,GK107,"Jun 28th, 2013",PCIe 3.0 x16,850 MHz,891 MHz,0.25,DDR3,128 bit,192,16,16
2,NVIDIA,GRID K140Q,GK107,"Jun 28th, 2013",PCIe 3.0 x16,850 MHz,891 MHz,1.0,DDR3,128 bit,192,16,16
3,NVIDIA,GRID K160Q,GK107,"Jun 28th, 2013",PCIe 3.0 x16,850 MHz,891 MHz,1.0,DDR3,128 bit,192,16,16
4,NVIDIA,GRID K180Q,GK107,"Jun 28th, 2013",PCIe 3.0 x16,850 MHz,891 MHz,1.0,DDR3,128 bit,192,16,16
5,NVIDIA,GRID K2,GK104,"May 11th, 2013",PCIe 3.0 x16,745 MHz,1250 MHz,4.0,GDDR5,256 bit,1536,128,32
6,NVIDIA,GRID K200,GK104,"Jun 28th, 2013",PCIe 3.0 x16,745 MHz,1250 MHz,0.25,GDDR5,256 bit,1536,128,32
7,NVIDIA,GRID K240Q,GK104,"Jun 28th, 2013",PCIe 3.0 x16,745 MHz,1250 MHz,1.0,GDDR5,256 bit,1536,128,32
8,NVIDIA,GRID K260Q,GK104,"Jun 28th, 2013",PCIe 3.0 x16,745 MHz,1250 MHz,2.0,GDDR5,256 bit,1536,128,32
9,NVIDIA,GRID K280Q,GK104,"Jun 28th, 2013",PCIe 3.0 x16,745 MHz,1250 MHz,4.0,GDDR5,256 bit,1536,128,32
10,NVIDIA,GRID K340,GK107,"Jul 23rd, 2013",PCIe 3.0 x16,954 MHz,1250 MHz,1.0,GDDR5,128 bit,384,32,16
11,NVIDIA,GRID K520,GK104,"Jul 23rd, 2013",PCIe 3.0 x16,745 MHz,1250 MHz,4.0,GDDR5,256 bit,1536,128,32
12,NVIDIA,GeForce 505 OEM,GT218S,"Jan 6th, 2013",PCIe 1.0 x16,589 MHz,600 MHz,0.5,DDR3,64 bit,16,8,4
13,NVIDIA,GeForce 505 OEM,GT216,"Feb 17th, 2013",PCIe 1.0 x16,615 MHz,700 MHz,1.0,DDR3,128 bit,24,12,8
14,NVIDIA,GeForce 705A,GF119S,"Oct 1st, 2013",PCIe 2.0 x16,738 MHz,900 MHz,1.0,DDR3,64 bit,48,8,4
15,NVIDIA,GeForce 705M,GF119,Unknown,PCIe 2.0 x16,475 MHz,900 MHz,1.0,DDR3,64 bit,48,8,4
16,NVIDIA,GeForce 705M,GF117,"Sep 27th, 2013",PCIe 2.0 x16,738 MHz,900 MHz,1.0,DDR3,64 bit,48,8,8
17,NVIDIA,GeForce 710A,GF117,"Apr 1st, 2013",PCIe 2.0 x16,775 MHz,900 MHz,1.0,DDR3,64 bit,96,16,8
18,NVIDIA,GeForce 710M,GF117,"Jan 9th, 2013",PCIe 2.0 x16,775 MHz,900 MHz,1.0,DDR3,64 bit,96,16,8
19,NVIDIA,GeForce 710M,GK208,"Jul 24th, 2013",PCIe 3.0 x8,719 MHz,900 MHz,1.0,DDR3,64 bit,192,16,8
20,NVIDIA,GeForce 820M,GF117B,"Nov 27th, 2013",PCIe 2.0 x16,625 MHz,900 MHz,1.0,DDR3,64 bit,96,16,8
21,NVIDIA,GeForce GT 625 OEM,GF119S,"Feb 18th, 2013",PCIe 2.0 x16,874 MHz,825 MHz,1.0,DDR3,64 bit,48,8,4
22,NVIDIA,GeForce GT 630 Rev. 2,GK208,"May 29th, 2013",PCIe 2.0 x8,902 MHz,900 MHz,2.0,DDR3,64 bit,384,32,8
23,NVIDIA,GeForce GT 630 Rev. 2 PCIe x8,GK208,"May 29th, 2013",PCIe 2.0 x8,902 MHz,900 MHz,2.0,DDR3,64 bit,384,32,8
24,NVIDIA,GeForce GT 635 OEM,GK208,"Oct 1st, 2013",PCIe 3.0 x8,967 MHz,900 MHz,1.0,DDR3,64 bit,384,32,8
25,NVIDIA,GeForce GT 640 Rev. 2,GK208,"May 29th, 2013",PCIe 2.0 x8,1046 MHz,1252 MHz,1.0,GDDR5,64 bit,384,32,8
26,NVIDIA,GeForce GT 640M Mac Edition,GK107,"Feb 3rd, 2013",PCIe 3.0 x16,745 MHz,1250 MHz,0.5,GDDR5,64 bit,384,32,8
27,NVIDIA,GeForce GT 710M,GF117,"Jan 9th, 2013",PCIe 2.0 x16,775 MHz,900 MHz,1.0,DDR3,64 bit,96,16,8
28,NVIDIA,GeForce GT 720M,GK208,"Dec 25th, 2013",PCIe 2.0 x8,719 MHz,800 MHz,2.0,DDR3,64 bit,192,16,8
29,NVIDIA,GeForce GT 720M,GF117,"Apr 1st, 2013",PCIe 2.0 x16,775 MHz,800 MHz,2.0,DDR3,64 bit,96,16,8
30,NVIDIA,GeForce GT 730M,GK107,"Jan 20th, 2013",PCIe 3.0 x16,725 MHz,900 MHz,2.0,DDR3,128 bit,384,32,16
31,NVIDIA,GeForce GT 735M,GK208,"Apr 1st, 2013",PCIe 3.0 x8,575 MHz,900 MHz,2.0,DDR3,64 bit,384,32,8
32,NVIDIA,GeForce GT 740A,GK208,"Aug 26th, 2013",PCIe 3.0 x8,980 MHz,900 MHz,2.0,DDR3,64 bit,384,32,8
33,NVIDIA,GeForce GT 740M,GK107,"Apr 1st, 2013",PCIe 3.0 x16,810 MHz,901 MHz,2.0,DDR3,128 bit,384,32,16
34,NVIDIA,GeForce GT 740M,GK208,"Jun 20th, 2013",PCIe 3.0 x8,980 MHz,900 MHz,2.0,DDR3,64 bit,384,32,8
35,NVIDIA,GeForce GT 745A,GK107,"Aug 26th, 2013",PCIe 3.0 x16,837 MHz,900 MHz,2.0,DDR3,128 bit,384,32,16
36,NVIDIA,GeForce GT 745M,GK107,"Apr 1st, 2013",PCIe 3.0 x16,549 MHz,1000 MHz,2.0,GDDR5,128 bit,384,32,16
37,NVIDIA,GeForce GT 745M,GK107,"Apr 1st, 2013",PCIe 3.0 x16,837 MHz,900 MHz,2.0,DDR3,128 bit,384,32,16
38,NVIDIA,GeForce GT 750M,GK107,"Jan 9th, 2013",PCIe 3.0 x16,941 MHz,1003 MHz,2.0,GDDR5,128 bit,384,32,16
39,NVIDIA,GeForce GT 750M Mac Edition,GK107,"Nov 8th, 2013",PCIe 3.0 x16,926 MHz,1254 MHz,1.0,GDDR5,128 bit,384,32,16
40,NVIDIA,GeForce GT 755M,GK107,"Jun 25th, 2013",PCIe 3.0 x16,980 MHz,1350 MHz,2.0,GDDR5,128 bit,384,32,16
41,NVIDIA,GeForce GT 755M Mac Edition,GK107,"Nov 8th, 2013",PCIe 3.0 x16,1085 MHz,1250 MHz,1.0,GDDR5,128 bit,384,32,16
42,NVIDIA,GeForce GTX 645 OEM,GK106S,"Apr 22nd, 2013",PCIe 3.0 x16,824 MHz,1000 MHz,1.0,GDDR5,128 bit,576,48,16
43,NVIDIA,GeForce GTX 650,GK106,"Nov 27th, 2013",PCIe 3.0 x16,1058 MHz,1250 MHz,1.0,GDDR5,128 bit,384,32,16
44,NVIDIA,GeForce GTX 650 Ti Boost,GK106,"Mar 26th, 2013",PCIe 3.0 x16,980 MHz,1502 MHz,2.0,GDDR5,192 bit,768,64,24
45,NVIDIA,GeForce GTX 650 Ti OEM,GK106,"Mar 31st, 2013",PCIe 3.0 x16,928 MHz,1350 MHz,2.0,GDDR5,128 bit,768,64,16
46,NVIDIA,GeForce GTX 660M Mac Edition,GK107,"Apr 1st, 2013",MXM-B (3.0),950 MHz,1250 MHz,0.5,GDDR5,128 bit,384,32,16
47,NVIDIA,GeForce GTX 675MX Mac Edition,GK104,"Apr 1st, 2013",PCIe 3.0 x16,719 MHz,1250 MHz,1.0,GDDR5,256 bit,1344,112,32
48,NVIDIA,GeForce GTX 680 Mac Edition,GK104,"Apr 3rd, 2013",PCIe 2.0 x16,1006 MHz,1502 MHz,2.0,GDDR5,256 bit,1536,128,32
49,NVIDIA,GeForce GTX 760,GK104,"Jun 25th, 2013",PCIe 3.0 x16,980 MHz,1502 MHz,2.0,GDDR5,256 bit,1152,96,32
50,NVIDIA,GeForce GTX 760 OEM,GK104,"Jun 27th, 2013",PCIe 3.0 x16,823 MHz,1400 MHz,1.5,GDDR5,192 bit,1152,96,24
51,NVIDIA,GeForce GTX 760 OEM Rebrand,GK104,"Aug 25th, 2013",PCIe 3.0 x16,823 MHz,1400 MHz,1.5,GDDR5,256 bit,1152,96,32
52,NVIDIA,GeForce GTX 760 Ti OEM,GK104,"Sep 27th, 2013",PCIe 3.0 x16,915 MHz,1502 MHz,2.0,GDDR5,256 bit,1344,112,32
53,NVIDIA,GeForce GTX 760 Ti OEM Rebrand,GK104,"Aug 25th, 2013",PCIe 3.0 x16,915 MHz,1502 MHz,2.0,GDDR5,256 bit,1344,112,32
54,NVIDIA,GeForce GTX 760 X2,GK104,"Nov 19th, 2013",PCIe 3.0 x16,1006 MHz,1502 MHz,2.0,GDDR5,256 bit,1152,96,32
55,NVIDIA,GeForce GTX 760M,GK106S,"May 30th, 2013",PCIe 3.0 x16,628 MHz,1002 MHz,2.0,GDDR5,128 bit,768,64,16
56,NVIDIA,GeForce GTX 765M,GK106,"May 30th, 2013",MXM-B (3.0),797 MHz,1002 MHz,2.0,GDDR5,128 bit,768,64,16
57,NVIDIA,GeForce GTX 770,GK104,"May 30th, 2013",PCIe 3.0 x16,1046 MHz,1753 MHz,2.0,GDDR5,256 bit,1536,128,32
58,NVIDIA,GeForce GTX 770M,GK106,"May 30th, 2013",MXM-B (3.0),706 MHz,1002 MHz,3.0,GDDR5,192 bit,960,80,24
59,NVIDIA,GeForce GTX 775M Mac Edition,GK104,"Nov 8th, 2013",MXM-B (3.0),797 MHz,1250 MHz,2.0,GDDR5,256 bit,1344,112,32
60,NVIDIA,GeForce GTX 780,GK110,"May 23rd, 2013",PCIe 3.0 x16,863 MHz,1502 MHz,3.0,GDDR5,384 bit,2304,192,48
61,NVIDIA,GeForce GTX 780 6 GB,GK110B,"Sep 10th, 2013",PCIe 3.0 x16,863 MHz,1502 MHz,6.0,GDDR5,384 bit,2304,192,48
62,NVIDIA,GeForce GTX 780 Rev. 2,GK110B,"Sep 10th, 2013",PCIe 3.0 x16,863 MHz,1502 MHz,3.0,GDDR5,384 bit,2304,192,48
63,NVIDIA,GeForce GTX 780 Ti,GK110B,"Nov 7th, 2013",PCIe 3.0 x16,875 MHz,1753 MHz,3.0,GDDR5,384 bit,2880,240,48
64,NVIDIA,GeForce GTX 780 Ti 6 GB,GK110B,Never Released,PCIe 3.0 x16,875 MHz,1753 MHz,6.0,GDDR5,384 bit,2880,240,48
65,NVIDIA,GeForce GTX 780M,GK104,"May 11th, 2013",MXM-B (3.0),771 MHz,1250 MHz,4.0,GDDR5,256 bit,1536,128,32
66,NVIDIA,GeForce GTX 780M Mac Edition,GK104,"Nov 8th, 2013",MXM-B (3.0),784 MHz,1250 MHz,4.0,GDDR5,256 bit,1536,128,32
67,NVIDIA,GeForce GTX TITAN,GK110,"Feb 19th, 2013",PCIe 3.0 x16,836 MHz,1502 MHz,6.0,GDDR5,384 bit,2688,224,48
68,NVIDIA,NVS 315,GF119S,"Mar 10th, 2013",PCIe 2.0 x16,523 MHz,875 MHz,1.0,DDR3,64 bit,48,8,4
69,NVIDIA,Playstation 3 GPU 28nm,RSX-28nm,"Jun 3rd, 2013",IGP,550 MHz,650 MHz,0.25,GDDR3,128 bit,24,8,24
70,NVIDIA,Quadro 4100,GK104,Unknown,PCIe 3.0 x16,797 MHz,891 MHz,2.0,DDR3,256 bit,1344,112,32
71,NVIDIA,Quadro K1100M,GK107,"Jul 23rd, 2013",MXM-A (3.0),706 MHz,700 MHz,2.0,GDDR5,128 bit,384,32,16
72,NVIDIA,Quadro K2000,GK107,"Mar 1st, 2013",PCIe 2.0 x16,954 MHz,1000 MHz,2.0,GDDR5,128 bit,384,32,16
73,NVIDIA,Quadro K2000D,GK107,"Mar 1st, 2013",PCIe 2.0 x16,954 MHz,1000 MHz,2.0,GDDR5,128 bit,384,32,16
74,NVIDIA,Quadro K2100M,GK106S,"Jul 23rd, 2013",MXM-A (3.0),667 MHz,752 MHz,2.0,GDDR5,128 bit,576,48,16
75,NVIDIA,Quadro K3100M,GK104,"Jul 23rd, 2013",MXM-B (3.0),706 MHz,800 MHz,4.0,GDDR5,256 bit,768,64,32
76,NVIDIA,Quadro K4000,GK106,"Mar 1st, 2013",PCIe 2.0 x16,810 MHz,1404 MHz,3.0,GDDR5,192 bit,768,64,24
77,NVIDIA,Quadro K4100M,GK104,"Jul 23rd, 2013",MXM-B (3.0),706 MHz,800 MHz,4.0,GDDR5,256 bit,1152,96,32
78,NVIDIA,Quadro K5000 SYNC,GK104,"Jan 25th, 2013",PCIe 2.0 x16,706 MHz,1350 MHz,4.0,GDDR5,256 bit,1536,128,32
79,NVIDIA,Quadro K5100M,GK104,"Jul 23rd, 2013",MXM-B (3.0),771 MHz,900 MHz,8.0,GDDR5,256 bit,1536,128,32
80,NVIDIA,Quadro K510M,GK208,"Jul 23rd, 2013",MXM-A (3.0),889 MHz,600 MHz,1.0,GDDR5,64 bit,192,16,8
81,NVIDIA,Quadro K600,GK107,"Mar 1st, 2013",PCIe 2.0 x16,876 MHz,891 MHz,1.0,DDR3,128 bit,192,16,16
82,NVIDIA,Quadro K6000,GK110B,"Jul 23rd, 2013",PCIe 3.0 x16,797 MHz,1502 MHz,12.0,GDDR5,384 bit,2880,240,48
83,NVIDIA,Quadro K6000 SDI,GK110,"Jul 23rd, 2013",PCIe 3.0 x16,902 MHz,1502 MHz,12.0,GDDR5,384 bit,2880,240,48
84,NVIDIA,Quadro K610M,GK208,"Jul 23rd, 2013",MXM-A (3.0),954 MHz,650 MHz,1.0,GDDR5,64 bit,192,16,8
85,NVIDIA,Tegra 4 GPU,Wayne,"Aug 1st, 2013",IGP,672 MHz,933 MHz,0.5,LPDDR3,32 bit,48,24,4
86,NVIDIA,Tegra 4i GPU,Wayne,"Feb 19th, 2013",IGP,660 MHz,933 MHz,0.5,LPDDR3,32 bit,48,12,2
87,NVIDIA,Tesla K20m,GK110,"Jan 5th, 2013",PCIe 2.0 x16,706 MHz,1300 MHz,5.0,GDDR5,320 bit,2496,208,40
88,NVIDIA,Tesla K20s,GK110,"Feb 18th, 2013",PCIe 2.0 x16,575 MHz,1300 MHz,5.0,GDDR5,320 bit,2496,208,40
89,NVIDIA,Tesla K40c,GK180,"Oct 8th, 2013",PCIe 3.0 x16,745 MHz,1502 MHz,12.0,GDDR5,384 bit,2880,240,48
90,NVIDIA,Tesla K40d,GK110B,"Nov 22nd, 2013",PCIe 3.0 x16,745 MHz,1502 MHz,12.0,GDDR5,384 bit,2880,240,48
91,NVIDIA,Tesla K40m,GK110B,"Nov 22nd, 2013",PCIe 3.0 x16,745 MHz,1502 MHz,12.0,GDDR5,384 bit,2880,240,48
92,NVIDIA,Tesla K40s,GK110B,"Nov 22nd, 2013",PCIe 3.0 x16,745 MHz,1502 MHz,12.0,GDDR5,384 bit,2880,240,48
93,NVIDIA,Tesla K40st,GK110B,"Nov 22nd, 2013",PCIe 3.0 x16,575 MHz,1502 MHz,12.0,GDDR5,384 bit,2880,240,48
94,NVIDIA,Tesla K40t,GK110B,"Nov 22nd, 2013",PCIe 3.0 x16,745 MHz,1502 MHz,12.0,GDDR5,384 bit,2880,240,48
0,NVIDIA,GeForce 605 OEM,GF119S,"Apr 2nd, 2012",PCIe 2.0 x16,523 MHz,897 MHz,0.5,DDR3,64 bit,48,8,4
1,NVIDIA,GeForce 615 OEM,GF108,"May 15th, 2012",PCIe 2.0 x16,660 MHz,900 MHz,1.0,DDR3,128 bit,48,8,4
2,NVIDIA,GeForce 620M,GF117,"Mar 22nd, 2012",PCIe 2.0 x16,625 MHz,900 MHz,1.0,DDR3,64 bit,96,16,8
3,NVIDIA,GeForce 9400 GT Rev. 3,GT218S,"Jun 13th, 2012",PCIe 2.0 x16,589 MHz,600 MHz,0.125,DDR2,64 bit,16,8,4
4,NVIDIA,GeForce GT 520 OEM,GF119S,"Aug 20th, 2012",PCIe 2.0 x16,589 MHz,500 MHz,1.0,DDR3,64 bit,48,8,4
5,NVIDIA,GeForce GT 520 OEM,GF108,"Feb 1st, 2012",PCIe 2.0 x16,700 MHz,667 MHz,1.0,DDR3,64 bit,48,8,2
6,NVIDIA,GeForce GT 550M,GF116,"Mar 26th, 2012",PCIe 2.0 x16,475 MHz,900 MHz,1.0,DDR3,128 bit,144,24,16
7,NVIDIA,GeForce GT 555M 2 GB,GF116S,"Mar 26th, 2012",PCIe 2.0 x16,675 MHz,900 MHz,2.0,DDR3,128 bit,144,24,16
8,NVIDIA,GeForce GT 555M 3 GB,GF116S,"Mar 26th, 2012",PCIe 2.0 x16,590 MHz,900 MHz,3.0,DDR3,192 bit,144,24,16
9,NVIDIA,GeForce GT 610,GF119S,"Apr 2nd, 2012",PCIe 2.0 x16,810 MHz,898 MHz,1.0,DDR3,64 bit,48,8,4
10,NVIDIA,GeForce GT 610 OEM,GF119S,"Sep 9th, 2012",PCIe 2.0 x16,550 MHz,500 MHz,1.0,DDR3,64 bit,48,8,4
11,NVIDIA,GeForce GT 610 PCI,GF119S,"Apr 2nd, 2012",PCI,810 MHz,667 MHz,0.5,DDR3,64 bit,48,8,4
12,NVIDIA,GeForce GT 610 PCIe x1,GF119S,"Apr 2nd, 2012",PCIe 2.0 x1,810 MHz,500 MHz,0.5,DDR3,64 bit,48,8,4
13,NVIDIA,GeForce GT 620,GF108,"May 15th, 2012",PCIe 2.0 x16,700 MHz,900 MHz,1.0,DDR3,64 bit,96,16,4
14,NVIDIA,GeForce GT 620 OEM,GF119S,"Apr 2nd, 2012",PCIe 2.0 x16,810 MHz,898 MHz,0.5,DDR3,64 bit,48,8,4
15,NVIDIA,GeForce GT 620M,GF117,"Mar 22nd, 2012",PCIe 2.0 x16,625 MHz,900 MHz,1.0,DDR3,64 bit,96,16,8
16,NVIDIA,GeForce GT 620M,GF108,"Aug 23rd, 2012",PCIe 2.0 x16,475 MHz,900 MHz,1.0,DDR3,128 bit,96,16,4
17,NVIDIA,GeForce GT 625M,GF117B,"Oct 1st, 2012",PCIe 2.0 x16,625 MHz,800 MHz,2.0,DDR3,64 bit,96,16,4
18,NVIDIA,GeForce GT 630,GF108,"May 15th, 2012",PCIe 2.0 x16,810 MHz,900 MHz,1.0,DDR3,128 bit,96,16,4
19,NVIDIA,GeForce GT 630 OEM,GK107,"Apr 24th, 2012",PCIe 3.0 x16,875 MHz,891 MHz,1.0,DDR3,128 bit,192,16,16
20,NVIDIA,GeForce GT 630M,GF108,"Mar 22nd, 2012",MXM-A (3.0),475 MHz,900 MHz,1.0,DDR3,64 bit,96,16,4
21,NVIDIA,GeForce GT 630M,GF108,"Mar 22nd, 2012",MXM-A (3.0),660 MHz,900 MHz,1.0,DDR3,64 bit,96,16,4
22,NVIDIA,GeForce GT 630M,GF117,"Mar 22nd, 2012",MXM-A (3.0),625 MHz,1000 MHz,1.0,GDDR5,128 bit,96,16,4
23,NVIDIA,GeForce GT 635M,GF108,"Mar 22nd, 2012",MXM-A (3.0),660 MHz,900 MHz,2.0,DDR3,128 bit,96,16,4
24,NVIDIA,GeForce GT 635M,GF116S,"Mar 22nd, 2012",PCIe 2.0 x16,675 MHz,900 MHz,2.0,DDR3,128 bit,144,24,16
25,NVIDIA,GeForce GT 635M,GF116S,"Mar 22nd, 2012",PCIe 2.0 x16,650 MHz,900 MHz,2.0,DDR3,128 bit,144,24,16
26,NVIDIA,GeForce GT 635M,GF108,"Mar 22nd, 2012",PCIe 2.0 x16,475 MHz,900 MHz,2.0,DDR3,128 bit,96,16,4
27,NVIDIA,GeForce GT 640,GK107,"Jun 5th, 2012",PCIe 3.0 x16,902 MHz,891 MHz,2.0,DDR3,128 bit,384,32,16
28,NVIDIA,GeForce GT 640 OEM,GK107,"Apr 24th, 2012",PCIe 3.0 x16,797 MHz,891 MHz,2.0,DDR3,128 bit,384,32,16
29,NVIDIA,GeForce GT 640 OEM Rebrand,GF116,"Apr 24th, 2012",PCIe 2.0 x16,720 MHz,800 MHz,1.5,DDR3,192 bit,144,24,24
30,NVIDIA,GeForce GT 640M,GK107,"Mar 22nd, 2012",PCIe 3.0 x16,624 MHz,900 MHz,2.0,DDR3,128 bit,384,32,16
31,NVIDIA,GeForce GT 640M LE,GF108,"May 4th, 2012",PCIe 2.0 x16,753 MHz,785 MHz,2.0,GDDR5,128 bit,96,16,4
32,NVIDIA,GeForce GT 640M LE,GK107,"Mar 22nd, 2012",PCIe 3.0 x16,500 MHz,900 MHz,1.0,DDR3,128 bit,384,32,16
33,NVIDIA,GeForce GT 645 OEM,GF114,"Apr 24th, 2012",PCIe 2.0 x16,776 MHz,957 MHz,1.0,GDDR5,192 bit,288,48,24
34,NVIDIA,GeForce GT 645M,GK107,"Oct 1st, 2012",PCIe 3.0 x16,709 MHz,900 MHz,2.0,DDR3,128 bit,384,32,16
35,NVIDIA,GeForce GT 650M,GK107,"Mar 22nd, 2012",PCIe 3.0 x16,835 MHz,900 MHz,1.0,DDR3,128 bit,384,32,16
36,NVIDIA,GeForce GT 650M Mac Edition,GK107,"Jul 12th, 2012",PCIe 3.0 x16,900 MHz,1254 MHz,0.5,GDDR5,128 bit,384,32,16
37,NVIDIA,GeForce GTS 450 Rev. 3,GF116,"Jul 11th, 2012",PCIe 2.0 x16,783 MHz,700 MHz,1.0,DDR3,128 bit,144,24,16
38,NVIDIA,GeForce GTX 560 SE,GF114,"Feb 20th, 2012",PCIe 2.0 x16,736 MHz,957 MHz,1.0,GDDR5,192 bit,288,48,24
39,NVIDIA,GeForce GTX 650,GK107,"Sep 6th, 2012",PCIe 3.0 x16,1058 MHz,1250 MHz,1.0,GDDR5,128 bit,384,32,16
40,NVIDIA,GeForce GTX 650 Ti,GK106S,"Oct 9th, 2012",PCIe 3.0 x16,928 MHz,1350 MHz,1.0,GDDR5,128 bit,768,64,16
41,NVIDIA,GeForce GTX 660,GK106,"Sep 6th, 2012",PCIe 3.0 x16,980 MHz,1502 MHz,2.0,GDDR5,192 bit,960,80,24
42,NVIDIA,GeForce GTX 660 OEM,GK104,"Aug 22nd, 2012",PCIe 3.0 x16,823 MHz,1400 MHz,2.0,GDDR5,256 bit,1152,96,32
43,NVIDIA,GeForce GTX 660 OEM,GK104,"Aug 22nd, 2012",PCIe 3.0 x16,823 MHz,1400 MHz,1.5,GDDR5,192 bit,1152,96,24
44,NVIDIA,GeForce GTX 660 Ti,GK104,"Aug 16th, 2012",PCIe 3.0 x16,915 MHz,1502 MHz,2.0,GDDR5,192 bit,1344,112,24
45,NVIDIA,GeForce GTX 660M,GK107,"Mar 22nd, 2012",MXM-B (3.0),835 MHz,1250 MHz,2.0,GDDR5,128 bit,384,32,16
46,NVIDIA,GeForce GTX 670,GK104,"May 10th, 2012",PCIe 3.0 x16,915 MHz,1502 MHz,2.0,GDDR5,256 bit,1344,112,32
47,NVIDIA,GeForce GTX 670M,GF114,"Mar 22nd, 2012",MXM-B (3.0),598 MHz,750 MHz,1.5,GDDR5,192 bit,336,56,24
48,NVIDIA,GeForce GTX 670MX,GK104,"Oct 1st, 2012",PCIe 3.0 x16,601 MHz,700 MHz,3.0,GDDR5,192 bit,960,80,24
49,NVIDIA,GeForce GTX 675M,GF114,"Mar 22nd, 2012",MXM-B (3.0),620 MHz,750 MHz,2.0,GDDR5,256 bit,384,64,32
50,NVIDIA,GeForce GTX 675MX,GK104,"Oct 1st, 2012",MXM-B (3.0),654 MHz,900 MHz,2.0,GDDR5,256 bit,960,80,32
51,NVIDIA,GeForce GTX 680,GK104,"Mar 22nd, 2012",PCIe 3.0 x16,1006 MHz,1502 MHz,2.0,GDDR5,256 bit,1536,128,32
52,NVIDIA,GeForce GTX 680M,GK104,"Jun 4th, 2012",MXM-B (3.0),719 MHz,900 MHz,4.0,GDDR5,256 bit,1344,112,32
53,NVIDIA,GeForce GTX 680MX Mac Edition,GK104,"Oct 23rd, 2012",PCIe 3.0 x16,719 MHz,1250 MHz,2.0,GDDR5,256 bit,1536,128,32
54,NVIDIA,GeForce GTX 690,GK104,"May 3rd, 2012",PCIe 3.0 x16,915 MHz,1502 MHz,2.0,GDDR5,256 bit,1536,128,32
55,NVIDIA,NVS 1000,GK107,Never Released,PCIe 3.0 x16,797 MHz,891 MHz,2.0,DDR3,128 bit,192,16,16
56,NVIDIA,NVS 310,GF119S,"Jun 26th, 2012",PCIe 2.0 x16,523 MHz,875 MHz,0.5,DDR3,64 bit,48,8,4
57,NVIDIA,NVS 510,GK107,"Oct 23rd, 2012",PCIe 2.0 x16,797 MHz,891 MHz,2.0,DDR3,128 bit,192,16,16
58,NVIDIA,NVS 5200M,GF108,"Sep 17th, 2012",MXM,672 MHz,785 MHz,1.0,GDDR5,64 bit,96,16,4
59,NVIDIA,NVS 5200M,GF117,"Jun 1st, 2012",MXM,625 MHz,900 MHz,1.0,DDR3,64 bit,96,16,4
60,NVIDIA,NVS 5400M,GF108,"Jun 1st, 2012",MXM,660 MHz,900 MHz,2.0,GDDR3,128 bit,96,16,4
61,NVIDIA,Playstation 3 GPU 40nm,RSX-40nm,"Oct 4th, 2012",IGP,550 MHz,650 MHz,0.25,GDDR3,128 bit,24,8,24
62,NVIDIA,Quadro 410,GK107,"Aug 7th, 2012",PCIe 2.0 x16,706 MHz,891 MHz,0.5,DDR3,64 bit,192,16,8
63,NVIDIA,Quadro 7000,GF110,"May 2nd, 2012",PCIe 2.0 x16,651 MHz,851 MHz,6.0,GDDR5,384 bit,512,64,48
64,NVIDIA,Quadro K1000M,GK107,"Jun 1st, 2012",MXM-A (3.0),850 MHz,900 MHz,2.0,DDR3,128 bit,192,16,16
65,NVIDIA,Quadro K2000M,GK107,"Jun 1st, 2012",MXM-A (3.0),745 MHz,900 MHz,2.0,DDR3,128 bit,384,32,16
66,NVIDIA,Quadro K2000M Embedded,EXK107,"Mar 22nd, 2012",PCIe 3.0 x16,835 MHz,900 MHz,2.0,GDDR5,128 bit,384,32,16
67,NVIDIA,Quadro K3000M,GK104,"Jun 1st, 2012",MXM-B (3.0),654 MHz,700 MHz,2.0,GDDR5,256 bit,576,48,32
68,NVIDIA,Quadro K4000M,GK104,"Jun 1st, 2012",MXM-B (3.0),601 MHz,700 MHz,4.0,GDDR5,256 bit,960,80,32
69,NVIDIA,Quadro K5000,GK104,"Aug 17th, 2012",PCIe 2.0 x16,706 MHz,1350 MHz,4.0,GDDR5,256 bit,1536,128,32
70,NVIDIA,Quadro K5000 Mac Edition,GK104,"Aug 7th, 2012",PCIe 2.0 x16,706 MHz,1350 MHz,4.0,GDDR5,256 bit,1536,128,32
71,NVIDIA,Quadro K5000M,GK104,"Aug 7th, 2012",MXM-B (3.0),601 MHz,750 MHz,4.0,GDDR5,256 bit,1344,112,32
72,NVIDIA,Quadro K500M,GK107,"Jun 1st, 2012",MXM-A (3.0),709 MHz,800 MHz,1.0,DDR3,64 bit,192,16,8
73,NVIDIA,Tesla K10,GK104,"May 1st, 2012",PCIe 3.0 x16,745 MHz,1250 MHz,4.0,GDDR5,256 bit,1536,128,32
74,NVIDIA,Tesla K20X,GK110,"Nov 12th, 2012",PCIe 3.0 x16,732 MHz,1300 MHz,6.0,GDDR5,384 bit,2688,224,48
75,NVIDIA,Tesla K20Xm,GK110,"Nov 12th, 2012",PCIe 3.0 x16,732 MHz,1300 MHz,6.0,GDDR5,384 bit,2688,224,48
76,NVIDIA,Tesla K20c,GK110,"Nov 12th, 2012",PCIe 2.0 x16,706 MHz,1300 MHz,5.0,GDDR5,320 bit,2496,208,40
0,NVIDIA,GeForce 315 OEM,GT215,"Apr 28th, 2011",PCIe 2.0 x16,506 MHz,350 MHz,0.25,DDR2,64 bit,48,16,4
1,NVIDIA,GeForce 315 OEM,GT218S,"Feb 22nd, 2011",PCIe 2.0 x16,589 MHz,600 MHz,1.0,DDR3,64 bit,16,8,4
2,NVIDIA,GeForce 315M,GT218,"Jan 5th, 2011",PCIe 2.0 x16,606 MHz,790 MHz,0.5,GDDR3,64 bit,16,8,4
3,NVIDIA,GeForce 405M,GT218,"Jan 5th, 2011",PCIe 2.0 x16,606 MHz,790 MHz,1.0,GDDR3,64 bit,16,8,4
4,NVIDIA,GeForce 410M,GF119S,"Jan 5th, 2011",PCIe 2.0 x16,574 MHz,800 MHz,1.0,DDR3,64 bit,48,8,4
5,NVIDIA,GeForce 510 OEM,GF119S,"Sep 29th, 2011",PCIe 2.0 x16,523 MHz,898 MHz,1.0,DDR3,64 bit,48,8,4
6,NVIDIA,GeForce 610,GF119S,"Dec 1st, 2011",PCIe 2.0 x16,738 MHz,900 MHz,1.0,DDR3,64 bit,48,8,4
7,NVIDIA,GeForce 610M,GF117B,"Dec 1st, 2011",PCIe 2.0 x16,625 MHz,900 MHz,1.0,DDR3,64 bit,48,8,8
8,NVIDIA,GeForce 610M,GF119,"Dec 1st, 2011",PCIe 2.0 x16,475 MHz,800 MHz,1.0,DDR3,64 bit,48,8,4
9,NVIDIA,GeForce 610M,GF108,"Dec 1st, 2011",PCIe 2.0 x16,672 MHz,800 MHz,1.0,DDR3,64 bit,48,8,2
10,NVIDIA,GeForce 9300 GS Rev. 2,GT218S,"Mar 12th, 2011",PCIe 2.0 x16,589 MHz,333 MHz,0.25,DDR2,64 bit,16,8,4
11,NVIDIA,GeForce GT 435M,GF106,"Jan 15th, 2011",PCIe 2.0 x16,590 MHz,800 MHz,1.0,DDR3,128 bit,96,16,16
12,NVIDIA,GeForce GT 440,GF108,"Feb 1st, 2011",PCIe 2.0 x16,810 MHz,900 MHz,1.0,DDR3,128 bit,96,16,4
13,NVIDIA,GeForce GT 440 Mac Edition,GF108,"Feb 9th, 2011",PCIe 1.0 x16,810 MHz,667 MHz,1.0,DDR3,128 bit,96,16,4
14,NVIDIA,GeForce GT 520,GF119S,"Apr 13th, 2011",PCIe 2.0 x16,810 MHz,900 MHz,1.0,DDR3,64 bit,48,8,4
15,NVIDIA,GeForce GT 520 PCI,GF119S,"Apr 13th, 2011",PCI,810 MHz,900 MHz,1.0,DDR3,64 bit,48,8,4
16,NVIDIA,GeForce GT 520 PCIe x1,GF119S,"Apr 13th, 2011",PCIe 2.0 x1,810 MHz,900 MHz,1.0,DDR3,64 bit,48,8,4
17,NVIDIA,GeForce GT 520M,GF108,"Jan 5th, 2011",PCIe 2.0 x16,672 MHz,800 MHz,1.0,DDR3,64 bit,48,8,4
18,NVIDIA,GeForce GT 520M,GF108,"Jan 5th, 2011",PCIe 2.0 x16,600 MHz,900 MHz,1.0,DDR3,64 bit,48,8,4
19,NVIDIA,GeForce GT 520M,GF119,"Jan 5th, 2011",PCIe 2.0 x16,740 MHz,800 MHz,1.0,DDR3,64 bit,48,8,4
20,NVIDIA,GeForce GT 520MX,GF119,"May 30th, 2011",PCIe 2.0 x16,900 MHz,900 MHz,1.0,DDR3,64 bit,48,8,4
21,NVIDIA,GeForce GT 525M,GF108,"Jan 5th, 2011",PCIe 2.0 x16,475 MHz,900 MHz,1.0,DDR3,128 bit,96,16,4
22,NVIDIA,GeForce GT 525M,GF108,"Jan 5th, 2011",PCIe 2.0 x16,600 MHz,900 MHz,1.0,DDR3,128 bit,96,16,4
23,NVIDIA,GeForce GT 530 OEM,GF108,"May 14th, 2011",PCIe 2.0 x16,700 MHz,900 MHz,1.0,DDR3,128 bit,96,16,4
24,NVIDIA,GeForce GT 540M,GF108,"Jan 5th, 2011",MXM-A (3.0),672 MHz,900 MHz,1.0,DDR3,128 bit,96,16,4
25,NVIDIA,GeForce GT 545,GF116,"May 14th, 2011",PCIe 2.0 x16,720 MHz,800 MHz,1.5,DDR3,192 bit,144,24,16
26,NVIDIA,GeForce GT 545 OEM,GF116,"May 14th, 2011",PCIe 2.0 x16,871 MHz,1000 MHz,1.0,GDDR5,128 bit,144,24,16
27,NVIDIA,GeForce GT 550M,GF108,"Jan 5th, 2011",PCIe 2.0 x16,475 MHz,900 MHz,1.0,DDR3,128 bit,96,16,4
28,NVIDIA,GeForce GT 550M,GF108,"Jan 5th, 2011",PCIe 2.0 x16,740 MHz,900 MHz,1.0,DDR3,128 bit,96,16,4
29,NVIDIA,GeForce GT 555M,GF106,"Jul 2nd, 2011",PCIe 2.0 x16,590 MHz,900 MHz,1.0,DDR3,128 bit,144,24,16
30,NVIDIA,GeForce GT 555M,GF108,"Jun 15th, 2011",PCIe 2.0 x16,753 MHz,785 MHz,1.0,GDDR5,128 bit,96,16,4
31,NVIDIA,GeForce GT 555M,GF106,"Oct 27th, 2011",PCIe 2.0 x16,525 MHz,900 MHz,1.0,DDR3,128 bit,144,24,16
32,NVIDIA,GeForce GT 555M 3 GB,GF106,"Mar 24th, 2011",PCIe 2.0 x16,590 MHz,900 MHz,3.0,DDR3,192 bit,144,24,24
33,NVIDIA,GeForce GTS 450 Rev. 2,GF116,"Mar 15th, 2011",PCIe 2.0 x16,783 MHz,902 MHz,1.0,GDDR5,128 bit,192,32,16
34,NVIDIA,GeForce GTX 460 X2,GF104,"Mar 11th, 2011",PCIe 2.0 x16,701 MHz,900 MHz,1.0,GDDR5,256 bit,336,56,32
35,NVIDIA,GeForce GTX 460 v2,GF114,"Sep 24th, 2011",PCIe 2.0 x16,779 MHz,1002 MHz,1.0,GDDR5,192 bit,336,56,24
36,NVIDIA,GeForce GTX 460 v2 ES,GF114,"Sep 24th, 2011",PCIe 2.0 x16,779 MHz,1002 MHz,1.25,GDDR5,256 bit,336,56,32
37,NVIDIA,GeForce GTX 480 Core 512,GF100,Never Released,PCIe 2.0 x16,527 MHz,700 MHz,1.5,GDDR5,384 bit,512,64,48
38,NVIDIA,GeForce GTX 485M,GF104,"Jan 5th, 2011",MXM-B (3.0),575 MHz,750 MHz,2.0,GDDR5,256 bit,384,64,32
39,NVIDIA,GeForce GTX 490,GF100,Never Released,PCIe 2.0 x16,608 MHz,854 MHz,1.5,GDDR5,384 bit,480,60,48
40,NVIDIA,GeForce GTX 550 Ti,GF116,"Mar 15th, 2011",PCIe 2.0 x16,900 MHz,1026 MHz,1.0,GDDR5,192 bit,192,32,24
41,NVIDIA,GeForce GTX 555 OEM,GF114,"May 14th, 2011",PCIe 2.0 x16,736 MHz,957 MHz,1.0,GDDR5,192 bit,288,48,24
42,NVIDIA,GeForce GTX 560,GF114,"May 17th, 2011",PCIe 2.0 x16,810 MHz,1000 MHz,1.0,GDDR5,256 bit,336,56,32
43,NVIDIA,GeForce GTX 560 OEM,GF110,"Nov 29th, 2011",PCIe 2.0 x16,552 MHz,802 MHz,1.25,GDDR5,320 bit,384,48,40
44,NVIDIA,GeForce GTX 560 Ti,GF114,"Jan 25th, 2011",PCIe 2.0 x16,823 MHz,1002 MHz,1.0,GDDR5,256 bit,384,64,32
45,NVIDIA,GeForce GTX 560 Ti 448,GF110,"Nov 29th, 2011",PCIe 2.0 x16,732 MHz,950 MHz,1.25,GDDR5,320 bit,448,56,40
46,NVIDIA,GeForce GTX 560 Ti OEM,GF110,"Mar 30th, 2011",PCIe 2.0 x16,732 MHz,950 MHz,1.25,GDDR5,256 bit,352,44,40
47,NVIDIA,GeForce GTX 560 Ti OEM,GF114,"Mar 8th, 2011",PCIe 2.0 x16,823 MHz,1002 MHz,1.0,GDDR5,256 bit,384,64,32
48,NVIDIA,GeForce GTX 560 Ti X2,GF114,"Jan 25th, 2011",PCIe 2.0 x16,850 MHz,1002 MHz,1.0,GDDR5,256 bit,384,64,32
49,NVIDIA,GeForce GTX 560M,GF116,"May 30th, 2011",MXM-B (3.0),775 MHz,625 MHz,1.5,GDDR5,192 bit,192,32,24
50,NVIDIA,GeForce GTX 570M,GF114,"Jun 28th, 2011",MXM-B (3.0),575 MHz,750 MHz,1.5,GDDR5,192 bit,336,56,24
51,NVIDIA,GeForce GTX 580 Rev. 2,GF110,"Jun 6th, 2011",PCIe 2.0 x16,772 MHz,1002 MHz,1.5,GDDR5,384 bit,512,64,48
52,NVIDIA,GeForce GTX 580M,GF114,"Jun 28th, 2011",MXM-B (3.0),620 MHz,750 MHz,2.0,GDDR5,256 bit,384,64,32
53,NVIDIA,GeForce GTX 590,GF110,"Mar 24th, 2011",PCIe 2.0 x16,608 MHz,854 MHz,1.5,GDDR5,384 bit,512,64,48
54,NVIDIA,NVS 300,GT218S,"Jan 8th, 2011",PCIe 2.0 x16,520 MHz,790 MHz,0.5,DDR3,64 bit,16,8,4
55,NVIDIA,NVS 4200M,GF119S,"Feb 22nd, 2011",MXM,810 MHz,800 MHz,1.0,DDR3,64 bit,48,8,4
56,NVIDIA,Quadro 1000M,GF108,"Jan 13th, 2011",MXM-A (3.0),700 MHz,900 MHz,2.0,DDR3,128 bit,96,16,4
57,NVIDIA,Quadro 2000D,GF106,"Oct 5th, 2011",PCIe 2.0 x16,625 MHz,650 MHz,1.0,GDDR5,128 bit,192,32,16
58,NVIDIA,Quadro 2000M,GF106,"Jan 13th, 2011",MXM-A (3.0),550 MHz,900 MHz,2.0,DDR3,128 bit,192,32,16
59,NVIDIA,Quadro 3000M,GF104,"Feb 22nd, 2011",MXM-B (3.0),450 MHz,625 MHz,2.0,GDDR5,256 bit,240,40,32
60,NVIDIA,Quadro 3000M X2,EXMF104,"Feb 22nd, 2011",MXM-B (3.0),450 MHz,625 MHz,2.0,GDDR5,256 bit,240,40,32
61,NVIDIA,Quadro 400,GT216,"Apr 5th, 2011",PCIe 2.0 x16,450 MHz,770 MHz,0.5,DDR3,64 bit,48,16,8
62,NVIDIA,Quadro 4000 Mac Edition,GF100,"Jun 12th, 2011",PCIe 2.0 x16,475 MHz,702 MHz,1.75,GDDR5,256 bit,256,32,32
63,NVIDIA,Quadro 4000M,GF104,"Feb 22nd, 2011",MXM-B (3.0),475 MHz,625 MHz,2.0,GDDR5,256 bit,336,56,32
64,NVIDIA,Quadro 5000,GF100,"Feb 23rd, 2011",PCIe 2.0 x16,513 MHz,750 MHz,2.5,GDDR5,320 bit,352,44,40
65,NVIDIA,Quadro 5000 SDI,GF100,"Feb 23rd, 2011",PCIe 2.0 x16,513 MHz,750 MHz,2.5,GDDR5,320 bit,352,44,40
66,NVIDIA,Quadro 500M,GF108,"Feb 22nd, 2011",MXM-A (3.0),560 MHz,800 MHz,1.0,DDR3,128 bit,96,16,4
67,NVIDIA,Quadro 5010M,GF110,"Feb 22nd, 2011",MXM-B (3.0),450 MHz,650 MHz,4.0,GDDR5,256 bit,384,48,32
68,NVIDIA,Quadro 6000 SDI,GF100,"Jul 25th, 2011",PCIe 2.0 x16,574 MHz,747 MHz,6.0,GDDR5,384 bit,448,56,48
69,NVIDIA,Quadro Plex 7000,GF110,"Jul 25th, 2011",PCIe 2.0 x16,574 MHz,750 MHz,6.0,GDDR5,384 bit,512,64,48
70,NVIDIA,Tegra 3 GPU,Kal-El,"Nov 9th, 2011",IGP,416 MHz,667 MHz,0.25,DDR3,32 bit,8,4,8
71,NVIDIA,Tesla C2050,GF100,"Jul 25th, 2011",PCIe 2.0 x16,574 MHz,750 MHz,3.0,GDDR5,384 bit,448,56,48
72,NVIDIA,Tesla C2070,GF100,"Jul 25th, 2011",PCIe 2.0 x16,574 MHz,747 MHz,6.0,GDDR5,384 bit,448,56,48
73,NVIDIA,Tesla C2075,GF110,"Jul 25th, 2011",PCIe 2.0 x16,574 MHz,783 MHz,6.0,GDDR5,384 bit,448,56,48
74,NVIDIA,Tesla C2090,GF110,"Jul 25th, 2011",PCIe 2.0 x16,651 MHz,924 MHz,6.0,GDDR5,384 bit,512,64,48
75,NVIDIA,Tesla M2050,GF100,"Jul 25th, 2011",PCIe 2.0 x16,574 MHz,773 MHz,3.0,GDDR5,384 bit,448,56,48
76,NVIDIA,Tesla M2070,GF100,"Jul 25th, 2011",PCIe 2.0 x16,574 MHz,783 MHz,6.0,GDDR5,384 bit,448,56,48
77,NVIDIA,Tesla M2070-Q,GF100,"Jul 25th, 2011",PCIe 2.0 x16,574 MHz,783 MHz,6.0,GDDR5,384 bit,448,56,48
78,NVIDIA,Tesla M2075,GF110,"Jul 25th, 2011",PCIe 2.0 x16,574 MHz,783 MHz,6.0,GDDR5,384 bit,448,56,48
79,NVIDIA,Tesla M2090,GF110,"Jul 25th, 2011",PCIe 2.0 x16,651 MHz,924 MHz,6.0,GDDR5,384 bit,512,64,48
80,NVIDIA,Tesla S2050,GF100,"Jul 25th, 2011",PCIe 2.0 x16,574 MHz,773 MHz,3.0,GDDR5,384 bit,448,56,48
81,NVIDIA,Tesla X2070,GF100,"Jul 25th, 2011",MXM-B (3.0),651 MHz,924 MHz,6.0,GDDR5,384 bit,448,56,48
82,NVIDIA,Tesla X2090,GF110,"Jul 25th, 2011",PCIe 2.0 x16,651 MHz,924 MHz,6.0,GDDR5,384 bit,512,64,48
0,NVIDIA,GeForce 305M,GT218,"Jan 10th, 2010",PCIe 2.0 x16,525 MHz,700 MHz,0.5,GDDR3,64 bit,16,8,4
1,NVIDIA,GeForce 310M,GT218,"Jan 10th, 2010",PCIe 2.0 x16,625 MHz,790 MHz,0.5,DDR3,64 bit,16,8,4
2,NVIDIA,GeForce 310M,GT218,"Jan 10th, 2010",PCIe 2.0 x16,606 MHz,667 MHz,1.0,DDR3,64 bit,16,8,4
3,NVIDIA,GeForce 310M,GT218S,"Jan 10th, 2010",PCIe 2.0 x16,625 MHz,790 MHz,0.5,GDDR3,64 bit,16,8,4
4,NVIDIA,GeForce 315 OEM,GT216,"Mar 31st, 2010",PCIe 2.0 x16,475 MHz,790 MHz,0.5,DDR3,64 bit,48,16,8
5,NVIDIA,GeForce 320M Mac Edition,C89,"Apr 1st, 2010",PCIe 2.0 x16,450 MHz,System Shared,,,,48,16,8
6,NVIDIA,GeForce 405 OEM,GT216,"Sep 3rd, 2010",PCIe 2.0 x16,475 MHz,800 MHz,0.5,DDR3,64 bit,48,16,8
7,NVIDIA,GeForce 405 OEM,GT216,"Sep 3rd, 2010",PCIe 2.0 x16,475 MHz,400 MHz,1.0,DDR2,128 bit,24,12,8
8,NVIDIA,GeForce 405 OEM,GT218S,"Sep 3rd, 2010",PCIe 2.0 x16,589 MHz,790 MHz,0.5,DDR3,64 bit,16,8,4
9,NVIDIA,GeForce 8400 GS Rev. 3,GT218S,"Jul 12th, 2010",PCIe 2.0 x16,520 MHz,400 MHz,0.5,DDR2,64 bit,8,4,4
10,NVIDIA,GeForce 9500 GT Mac Edition,G96C,"May 19th, 2010",PCIe 2.0 x16,550 MHz,800 MHz,0.5,GDDR3,128 bit,32,16,8
11,NVIDIA,GeForce GT 220,G94,"Jan 26th, 2010",PCIe 2.0 x16,600 MHz,700 MHz,1.0,GDDR3,128 bit,48,24,8
12,NVIDIA,GeForce GT 240M LE,G96C,"Jan 15th, 2010",PCIe 2.0 x16,600 MHz,800 MHz,0.5,GDDR3,128 bit,32,16,8
13,NVIDIA,GeForce GT 320 OEM,GT215,"Feb 2nd, 2010",PCIe 2.0 x16,540 MHz,790 MHz,1.0,GDDR3,128 bit,72,24,8
14,NVIDIA,GeForce GT 320M,GT216,"Mar 3rd, 2010",PCIe 2.0 x16,500 MHz,790 MHz,1.0,DDR3,128 bit,24,8,8
15,NVIDIA,GeForce GT 325M,GT216,"Jan 10th, 2010",PCIe 2.0 x16,450 MHz,700 MHz,1.0,DDR3,128 bit,48,16,8
16,NVIDIA,GeForce GT 330 OEM,GT215,"Feb 2nd, 2010",PCIe 2.0 x16,540 MHz,790 MHz,1.0,GDDR3,128 bit,96,32,8
17,NVIDIA,GeForce GT 330 OEM,G92,"Feb 2nd, 2010",PCIe 2.0 x16,500 MHz,800 MHz,1.0,GDDR3,256 bit,96,48,8
18,NVIDIA,GeForce GT 330 OEM,G92B,"Feb 2nd, 2010",PCIe 2.0 x16,500 MHz,510 MHz,0.25,DDR2,128 bit,96,48,16
19,NVIDIA,GeForce GT 330 OEM,GT215,"Feb 2nd, 2010",PCIe 2.0 x16,550 MHz,1000 MHz,0.5,GDDR3,128 bit,96,32,8
20,NVIDIA,GeForce GT 330M,GT216,"Jan 10th, 2010",MXM-A (3.0),450 MHz,700 MHz,1.0,GDDR3,128 bit,48,16,8
21,NVIDIA,GeForce GT 330M,GT216,"Jan 10th, 2010",MXM-A (3.0),625 MHz,790 MHz,1.0,GDDR3,128 bit,24,16,8
22,NVIDIA,GeForce GT 330M,GT216,"Jan 10th, 2010",MXM-A (3.0),575 MHz,790 MHz,1.0,GDDR3,128 bit,48,16,8
23,NVIDIA,GeForce GT 330M Mac Edition,GT216,"Apr 26th, 2010",MXM-A (3.0),500 MHz,790 MHz,0.5,GDDR3,128 bit,48,16,8
24,NVIDIA,GeForce GT 335M,GT215,"Jan 7th, 2010",PCIe 2.0 x16,450 MHz,790 MHz,1.0,GDDR3,128 bit,72,24,8
25,NVIDIA,GeForce GT 340 OEM,GT215,"Feb 2nd, 2010",PCIe 2.0 x16,550 MHz,850 MHz,1.0,GDDR3,128 bit,96,32,8
26,NVIDIA,GeForce GT 415 OEM,GT216,"Sep 3rd, 2010",PCIe 2.0 x16,625 MHz,333 MHz,0.5,DDR3,128 bit,48,16,8
27,NVIDIA,GeForce GT 415M,GF108,"Sep 3rd, 2010",PCIe 2.0 x16,500 MHz,800 MHz,1.0,DDR3,128 bit,48,8,4
28,NVIDIA,GeForce GT 420 OEM,GF108,"Sep 3rd, 2010",PCIe 2.0 x16,700 MHz,900 MHz,1.0,DDR3,128 bit,48,4,4
29,NVIDIA,GeForce GT 420M,GF108,"Sep 3rd, 2010",PCIe 2.0 x16,500 MHz,800 MHz,1.0,DDR3,128 bit,96,16,4
30,NVIDIA,GeForce GT 425M,GF108,"Sep 3rd, 2010",PCIe 2.0 x16,560 MHz,800 MHz,1.0,DDR3,128 bit,96,16,4
31,NVIDIA,GeForce GT 430,GF108,"Oct 11th, 2010",PCIe 2.0 x16,700 MHz,800 MHz,0.5,DDR3,64 bit,96,16,4
32,NVIDIA,GeForce GT 430 OEM,GF108,"Oct 11th, 2010",PCIe 2.0 x16,700 MHz,800 MHz,2.0,DDR3,128 bit,96,16,4
33,NVIDIA,GeForce GT 430 PCI,GF108,"Oct 11th, 2010",PCI,700 MHz,600 MHz,0.5,DDR3,64 bit,96,16,4
34,NVIDIA,GeForce GT 435M,GF108,"Sep 3rd, 2010",PCIe 2.0 x16,650 MHz,800 MHz,2.0,DDR3,128 bit,96,16,4
35,NVIDIA,GeForce GT 440 OEM,GF106,"Oct 11th, 2010",PCIe 2.0 x16,810 MHz,900 MHz,1.5,DDR3,192 bit,144,24,24
36,NVIDIA,GeForce GT 445M,GF106,"Sep 3rd, 2010",PCIe 2.0 x16,570 MHz,625 MHz,1.0,GDDR5,128 bit,144,24,16
37,NVIDIA,GeForce GT 445M,GF106,"Sep 3rd, 2010",PCIe 2.0 x16,590 MHz,800 MHz,3.0,DDR3,192 bit,144,24,24
38,NVIDIA,GeForce GTS 350M,GT215,"Jan 7th, 2010",MXM-II,450 MHz,790 MHz,1.0,GDDR5,128 bit,96,32,8
39,NVIDIA,GeForce GTS 360M,GT215,"Jan 7th, 2010",MXM-II,550 MHz,900 MHz,1.0,GDDR5,128 bit,96,32,8
40,NVIDIA,GeForce GTS 450,GF106,"Sep 13th, 2010",PCIe 2.0 x16,783 MHz,902 MHz,1.0,GDDR5,128 bit,192,32,16
41,NVIDIA,GeForce GTS 450 OEM,GF106,"Sep 13th, 2010",PCIe 2.0 x16,783 MHz,902 MHz,0.5,GDDR5,128 bit,144,24,16
42,NVIDIA,GeForce GTS 450 OEM,GF106,"Oct 11th, 2010",PCIe 2.0 x16,790 MHz,1000 MHz,1.5,GDDR5,192 bit,144,24,24
43,NVIDIA,GeForce GTX 275 PhysX Edition,GT200B,"Feb 16th, 2010",PCIe 2.0 x16,633 MHz,1134 MHz,0.875,GDDR3,448 bit,240,80,28
44,NVIDIA,GeForce GTX 285M,G92B,"Feb 1st, 2010",MXM-B (3.0),600 MHz,1000 MHz,1.0,GDDR3,256 bit,128,64,16
45,NVIDIA,GeForce GTX 460,GF104,"Jul 12th, 2010",PCIe 2.0 x16,675 MHz,900 MHz,1.0,GDDR5,256 bit,336,56,32
46,NVIDIA,GeForce GTX 460,GF104,"Jul 12th, 2010",PCIe 2.0 x16,675 MHz,900 MHz,0.75,GDDR5,192 bit,336,56,24
47,NVIDIA,GeForce GTX 460 OEM,GF104,"Oct 11th, 2010",PCIe 2.0 x16,650 MHz,850 MHz,1.0,GDDR5,256 bit,336,56,32
48,NVIDIA,GeForce GTX 460 SE,GF104,"Nov 15th, 2010",PCIe 2.0 x16,650 MHz,850 MHz,1.0,GDDR5,256 bit,288,48,32
49,NVIDIA,GeForce GTX 460 SE v2,GF114,"Nov 15th, 2010",PCIe 2.0 x16,650 MHz,850 MHz,0.75,GDDR5,192 bit,288,48,24
50,NVIDIA,GeForce GTX 460M,GF106,"Sep 3rd, 2010",PCIe 2.0 x16,675 MHz,625 MHz,1.5,GDDR5,192 bit,192,32,24
51,NVIDIA,GeForce GTX 465,GF100,"May 31st, 2010",PCIe 2.0 x16,608 MHz,802 MHz,1.0,GDDR5,256 bit,352,44,32
52,NVIDIA,GeForce GTX 470,GF100,"Mar 26th, 2010",PCIe 2.0 x16,608 MHz,837 MHz,1.25,GDDR5,320 bit,448,56,40
53,NVIDIA,GeForce GTX 470 PhysX Edition,GF100,Never Released,PCIe 2.0 x16,608 MHz,837 MHz,1.25,GDDR5,320 bit,448,56,40
54,NVIDIA,GeForce GTX 470 X2,GF100,Never Released,PCIe 2.0 x16,608 MHz,837 MHz,1.0,GDDR5,256 bit,352,44,32
55,NVIDIA,GeForce GTX 470M,GF104,"Sep 3rd, 2010",MXM-B (3.0),535 MHz,750 MHz,1.5,GDDR5,192 bit,288,48,24
56,NVIDIA,GeForce GTX 480,GF100,"Mar 26th, 2010",PCIe 2.0 x16,701 MHz,924 MHz,1.5,GDDR5,384 bit,480,60,48
57,NVIDIA,GeForce GTX 480M,GF100,"May 25th, 2010",MXM-B (3.0),425 MHz,600 MHz,2.0,GDDR5,256 bit,352,44,32
58,NVIDIA,GeForce GTX 570,GF110,"Dec 7th, 2010",PCIe 2.0 x16,732 MHz,950 MHz,1.25,GDDR5,320 bit,480,60,40
59,NVIDIA,GeForce GTX 570 Rev. 2,GF110,"Dec 7th, 2010",PCIe 2.0 x16,732 MHz,950 MHz,1.25,GDDR5,320 bit,480,60,40
60,NVIDIA,GeForce GTX 580,GF110,"Nov 9th, 2010",PCIe 2.0 x16,772 MHz,1002 MHz,1.5,GDDR5,384 bit,512,64,48
61,NVIDIA,NVS 2100M,GT218S,"Jan 7th, 2010",PCIe 2.0 x16,535 MHz,790 MHz,0.5,GDDR3,64 bit,16,8,4
62,NVIDIA,NVS 3100M,GT218S,"Jan 7th, 2010",PCIe 2.0 x16,606 MHz,790 MHz,0.5,GDDR3,64 bit,16,8,4
63,NVIDIA,NVS 5100M,GT216,"Jan 7th, 2010",MXM-A (3.0),550 MHz,800 MHz,1.0,GDDR3,128 bit,48,16,8
64,NVIDIA,Quadro 2000,GF106,"Dec 24th, 2010",PCIe 2.0 x16,625 MHz,650 MHz,1.0,GDDR5,128 bit,192,32,16
65,NVIDIA,Quadro 4000,GF100,"Nov 2nd, 2010",PCIe 2.0 x16,475 MHz,702 MHz,2.0,GDDR5,256 bit,256,32,32
66,NVIDIA,Quadro 5000M,GF100,"Jul 27th, 2010",MXM-B (3.0),405 MHz,600 MHz,2.0,GDDR5,256 bit,320,40,32
67,NVIDIA,Quadro 600,GF108,"Dec 13th, 2010",PCIe 2.0 x16,640 MHz,800 MHz,1.0,DDR3,128 bit,96,16,8
68,NVIDIA,Quadro 6000,GF100,"Dec 10th, 2010",PCIe 2.0 x16,574 MHz,747 MHz,6.0,GDDR5,384 bit,448,56,48
69,NVIDIA,Quadro FX 380M,GT218S,"Jan 7th, 2010",PCIe 2.0 x16,606 MHz,790 MHz,0.5,GDDR3,64 bit,16,8,4
70,NVIDIA,Quadro FX 880M,GT216,"Jan 7th, 2010",MXM-A (3.0),550 MHz,790 MHz,1.0,GDDR3,128 bit,48,16,8
71,NVIDIA,Tegra 2 GPU,Tegra 2,"Jun 3rd, 2010",IGP,300 MHz,333 MHz,0.25,DDR2,32 bit,4,4,4
0,NVIDIA,GeForce 205 OEM,GT218S,"Nov 26th, 2009",PCIe 2.0 x16,589 MHz,400 MHz,0.5,DDR2,64 bit,16,8,4
1,NVIDIA,GeForce 210,GT218S,"Oct 12th, 2009",PCIe 2.0 x16,520 MHz,400 MHz,0.5,DDR3,64 bit,16,8,4
2,NVIDIA,GeForce 210 OEM,GT216,"Sep 4th, 2009",PCIe 2.0 x16,475 MHz,400 MHz,1.0,DDR2,64 bit,16,8,4
3,NVIDIA,GeForce 210 PCI,GT216,"Oct 12th, 2009",PCI,475 MHz,400 MHz,0.5,DDR2,64 bit,16,8,4
4,NVIDIA,GeForce 210 Rev. 2,GT218S,"Oct 12th, 2009",PCIe 2.0 x16,520 MHz,400 MHz,1.0,DDR3,64 bit,16,8,4
5,NVIDIA,GeForce 310 OEM,GT218S,"Nov 27th, 2009",PCIe 2.0 x16,589 MHz,333 MHz,0.5,DDR2,64 bit,16,8,4
6,NVIDIA,GeForce 9600 GTX,G92,"May 27th, 2009",PCIe 2.0 x16,580 MHz,700 MHz,0.5,GDDR3,256 bit,96,48,16
7,NVIDIA,GeForce 9800 GTX+,G92B,"Jan 16th, 2009",PCIe 2.0 x16,738 MHz,1100 MHz,0.5,GDDR3,256 bit,128,64,16
8,NVIDIA,GeForce G100 OEM,G98S,"Mar 10th, 2009",PCIe 2.0 x16,540 MHz,400 MHz,0.25,DDR2,64 bit,8,4,4
9,NVIDIA,GeForce G102M,C79,"Jan 8th, 2009",PCIe 1.0 x16,450 MHz,System Shared,,,,16,8,4
10,NVIDIA,GeForce G103M,G98S,"Sep 1st, 2009",PCIe 1.0 x16,640 MHz,500 MHz,0.5,DDR2,64 bit,8,4,4
11,NVIDIA,GeForce G105M,GT218S,"Jul 16th, 2009",PCIe 2.0 x16,500 MHz,700 MHz,0.25,GDDR3,64 bit,16,8,4
12,NVIDIA,GeForce G105M,GT218S,"Dec 14th, 2009",PCIe 2.0 x16,535 MHz,790 MHz,0.5,DDR3,64 bit,16,8,4
13,NVIDIA,GeForce G105M,G98S,"Jan 8th, 2009",PCIe 2.0 x16,640 MHz,700 MHz,0.5,GDDR3,64 bit,8,4,4
14,NVIDIA,GeForce G110M,G96C,"Jan 8th, 2009",PCIe 2.0 x16,400 MHz,700 MHz,1.0,GDDR3,64 bit,16,8,4
15,NVIDIA,GeForce G205M,C79,"Jan 8th, 2009",PCIe 1.0 x16,450 MHz,System Shared,,,,16,8,4
16,NVIDIA,GeForce G210 OEM,G96C,"May 26th, 2009",PCIe 1.0 x16,550 MHz,504 MHz,0.5,DDR2,64 bit,16,8,4
17,NVIDIA,GeForce G210 OEM Rev. 2,GT218S,"Aug 24th, 2009",PCIe 2.0 x16,589 MHz,400 MHz,0.125,DDR2,64 bit,16,8,4
18,NVIDIA,GeForce G210M,GT218S,"Jun 15th, 2009",MXM,606 MHz,790 MHz,0.5,GDDR3,64 bit,16,8,4
19,NVIDIA,GeForce GT 120 Mac Edition,G96C,"Jan 20th, 2009",PCIe 2.0 x16,550 MHz,800 MHz,0.5,GDDR3,128 bit,32,16,8
20,NVIDIA,GeForce GT 120 OEM,G96C,"Mar 10th, 2009",PCIe 2.0 x16,738 MHz,504 MHz,0.5,DDR2,128 bit,32,16,8
21,NVIDIA,GeForce GT 120M,G96C,"Jun 15th, 2009",PCIe 2.0 x16,500 MHz,500 MHz,1.0,DDR2,128 bit,32,16,8
22,NVIDIA,GeForce GT 130 OEM,G94B,"Mar 10th, 2009",PCIe 2.0 x16,500 MHz,500 MHz,0.5,DDR2,192 bit,48,24,12
23,NVIDIA,GeForce GT 130M,G96C,"Jan 8th, 2009",PCIe 2.0 x16,600 MHz,800 MHz,1.0,GDDR3,128 bit,32,16,8
24,NVIDIA,GeForce GT 140 OEM,G94B,"Mar 10th, 2009",PCIe 2.0 x16,650 MHz,900 MHz,1.0,GDDR3,256 bit,64,32,16
25,NVIDIA,GeForce GT 220,GT216,"Oct 12th, 2009",PCIe 2.0 x16,615 MHz,1000 MHz,0.5,DDR2,128 bit,48,16,8
26,NVIDIA,GeForce GT 220 OEM,GT215,"Oct 12th, 2009",PCIe 2.0 x16,506 MHz,700 MHz,0.5,GDDR3,128 bit,48,16,8
27,NVIDIA,GeForce GT 220M,G96C,"Jun 15th, 2009",MXM-II,550 MHz,500 MHz,1.0,DDR2,128 bit,32,16,8
28,NVIDIA,GeForce GT 230,G94B,"Oct 12th, 2009",PCIe 2.0 x16,650 MHz,900 MHz,0.5,GDDR3,256 bit,48,24,16
29,NVIDIA,GeForce GT 230 OEM,G92B,"Apr 27th, 2009",PCIe 2.0 x16,500 MHz,500 MHz,1.5,DDR2,192 bit,96,48,12
30,NVIDIA,GeForce GT 230M,GT216,"Jun 15th, 2009",PCIe 2.0 x16,500 MHz,790 MHz,1.0,GDDR3,128 bit,48,16,8
31,NVIDIA,GeForce GT 240,GT215,"Nov 17th, 2009",PCIe 2.0 x16,550 MHz,850 MHz,1.0,GDDR5,128 bit,96,32,8
32,NVIDIA,GeForce GT 240M,GT216,"Jun 15th, 2009",PCIe 2.0 x16,550 MHz,790 MHz,1.0,GDDR3,128 bit,48,16,8
33,NVIDIA,GeForce GT 320M,G96C,"Jun 15th, 2009",MXM-II,500 MHz,500 MHz,1.0,DDR2,128 bit,32,16,8
34,NVIDIA,GeForce GTS 150 OEM,G92,"Mar 10th, 2009",PCIe 2.0 x16,738 MHz,1000 MHz,1.0,GDDR3,256 bit,128,64,16
35,NVIDIA,GeForce GTS 150M,G94,"Mar 3rd, 2009",PCIe 2.0 x16,400 MHz,800 MHz,1.0,GDDR3,256 bit,64,32,16
36,NVIDIA,GeForce GTS 160M,G94,"Mar 3rd, 2009",PCIe 2.0 x16,600 MHz,800 MHz,1.0,GDDR3,256 bit,64,32,16
37,NVIDIA,GeForce GTS 240 OEM,G92B,"Jul 1st, 2009",PCIe 2.0 x16,675 MHz,1100 MHz,1.0,GDDR3,256 bit,112,56,16
38,NVIDIA,GeForce GTS 250,G92B,"Mar 4th, 2009",PCIe 2.0 x16,702 MHz,1000 MHz,1.0,GDDR3,256 bit,128,64,16
39,NVIDIA,GeForce GTS 250,G92B,"Mar 4th, 2009",PCIe 2.0 x16,675 MHz,1008 MHz,1.0,GDDR3,256 bit,128,64,16
40,NVIDIA,GeForce GTS 250M,GT215,"Jun 15th, 2009",PCIe 2.0 x16,450 MHz,790 MHz,1.0,GDDR5,128 bit,96,32,8
41,NVIDIA,GeForce GTS 260M,GT215,"Jun 15th, 2009",PCIe 2.0 x16,550 MHz,850 MHz,0.5,GDDR5,128 bit,96,32,8
42,NVIDIA,GeForce GTX 260 OEM,GT200,"Dec 8th, 2009",PCIe 2.0 x16,518 MHz,1008 MHz,1.75,GDDR3,448 bit,192,64,28
43,NVIDIA,GeForce GTX 260M,G92,"Mar 3rd, 2009",PCIe 2.0 x16,550 MHz,950 MHz,1.0,GDDR3,256 bit,112,56,16
44,NVIDIA,GeForce GTX 275,GT200B,"Jan 15th, 2009",PCIe 2.0 x16,633 MHz,1134 MHz,0.875,GDDR3,448 bit,240,80,28
45,NVIDIA,GeForce GTX 280M,G92,"Mar 3rd, 2009",MXM-IV,585 MHz,950 MHz,1.0,GDDR3,256 bit,128,64,16
46,NVIDIA,GeForce GTX 285 Mac Edition,GT200B,"Jan 15th, 2009",PCIe 2.0 x16,648 MHz,1242 MHz,1.0,GDDR3,512 bit,240,80,32
47,NVIDIA,GeForce GTX 295,GT200B,"Jan 8th, 2009",PCIe 2.0 x16,576 MHz,999 MHz,0.875,GDDR3,448 bit,240,80,28
48,NVIDIA,Quadro FX 1800,G94,"Mar 30th, 2009",PCIe 2.0 x16,550 MHz,800 MHz,0.75,GDDR3,192 bit,64,32,12
49,NVIDIA,Quadro FX 1800M,GT215,"Jun 15th, 2009",MXM-A (3.0),560 MHz,790 MHz,1.0,GDDR3,128 bit,72,24,8
50,NVIDIA,Quadro FX 2800M,G92B,"Dec 1st, 2009",MXM-B (3.0),600 MHz,1000 MHz,1.0,GDDR3,256 bit,96,48,16
51,NVIDIA,Quadro FX 380,G96,"Mar 30th, 2009",PCIe 2.0 x16,450 MHz,700 MHz,0.25,GDDR3,128 bit,16,8,8
52,NVIDIA,Quadro FX 380 LP,GT218S,"Dec 1st, 2009",PCIe 2.0 x16,550 MHz,800 MHz,0.5,GDDR3,64 bit,16,8,4
53,NVIDIA,Quadro FX 3800,GT200B,"Mar 30th, 2009",PCIe 2.0 x16,600 MHz,800 MHz,1.0,GDDR3,256 bit,192,64,16
54,NVIDIA,Quadro FX 580,G96C,"Apr 9th, 2009",PCIe 2.0 x16,450 MHz,800 MHz,0.5,GDDR3,128 bit,32,16,8
55,NVIDIA,Quadro NVS 295,G98S,"May 7th, 2009",PCIe 1.0 x16,540 MHz,695 MHz,0.25,GDDR3,64 bit,8,4,4
56,NVIDIA,Quadro NVS 420,G98S,"Jan 20th, 2009",PCIe 2.0 x16,550 MHz,700 MHz,0.25,GDDR3,64 bit,8,4,4
57,NVIDIA,Tesla C1060,GT200B,"Apr 9th, 2009",PCIe 2.0 x16,610 MHz,800 MHz,1.0,GDDR3,512 bit,240,80,32
58,NVIDIA,Tesla C1080,GT200B,"Apr 9th, 2009",PCIe 2.0 x16,610 MHz,800 MHz,4.0,GDDR3,512 bit,240,80,32
